karmn,ra_gaiadr3,dec_gaiadr3,Teff,e_Teff,E_Teff,logg,e_logg,E_logg,[M/H],e_[M/H],E_[M/H],vsini,e_vsini,E_vsini
J00051+457,1.3009212651,45.78589435046,3780.048326130653,33.78841013065312,40.065229869346695,4.695837611557789,0.03679411155778922,0.011581684442210083,0.0290048394472361,0.0395826619272361,0.0551182851127639,3.1892185396984924,0.15769346769849246,0.48318376030150745
J00067-075,1.67635042594,-7.54647532526,3073.2090532663315,26.583637266331607,18.346182733668684,5.100579152763819,0.09074395276381875,0.03639596723618066,0.0638932383417085,0.1494131845017084,0.0840024424582914,3.021435812562814,0.658440060562814,0.331211655437186
J00162+198E,4.07065062194,19.86069229774,3362.4194065326637,25.190886532663626,33.749081467336055,4.897983788442211,0.06290961644221049,0.020934467557789382,0.0699559026130653,0.1704448611730653,0.0236726901869347,2.129845128643216,0.21643865664321615,0.2987063193567838
J00183+440,4.61322625756,44.02478674399,3708.862538190955,42.88152219095491,15.391485809044752,4.799263118090453,0.07312187809045323,0.025232281909547183,-0.3256448595979899,0.1665335004020101,0.06281152639798998,2.0156650984924624,0.29773094249246235,0.2037131455075376
J00184+440,4.62530068122,44.02874451664,3250.9431030150754,12.99810301507523,36.279076984924814,4.963823351758794,0.02763548775879432,0.04606969224120583,-0.1991233516030151,0.1004516243969849,0.08778535360301509,2.819669992964824,0.24020635696482362,0.21598216303517637
J00286-066,7.16297021421,-6.66721925319,3480.5791959798994,22.958123979899483,35.12668002010059,4.787060949246231,0.02926862524623086,0.07978353075376887,0.0178681403015075,0.1364342563015075,0.028203264498492402,1.8242748452261308,0.2635269852261308,0.43450695477386914
J00389+306,9.75406376462,30.61633814604,3620.640457788945,39.99944978894473,14.65742621105528,4.741412010050251,0.02659801805025097,0.06924514994974906,-0.1398616580904522,0.08614395670954769,0.0728137730904522,2.394745335678392,0.24630561167839193,0.18576898432160815
J00570+450,14.2651559511,45.08575010285,3411.559793969849,21.58140196984914,28.79941003015074,4.872992780904522,0.06438718090452245,0.02709543509547796,-0.0446992182160803,0.1056614809839197,0.043767046854080296,2.706057140201005,0.18313486820100477,0.24325973179899485
J01013+613,15.3369003106,61.362137735,3568.2717326633165,42.987324663316485,15.03462733668357,4.785941909547739,0.02465578154773862,0.06021045045226181,-0.1984256127839195,0.0616416264160804,0.07559364774391962,2.926584927135678,0.1861078071356781,0.28002243286432194
J01025+716,15.6590118756,71.67812049454,3715.42976080402,45.13278080402006,19.251623195979846,4.707506951256281,0.03086653525628158,0.034905936743719224,-0.0024588759798995,0.0802877246601005,0.0596078006598995,1.9947313075376885,0.3541435115376885,0.3248753124623116
J01026+623,15.66895082068,62.34545122289,3764.136416080402,33.7815040804021,45.64593591959829,4.687711473869347,0.024839085869346356,0.025031766130653388,0.1080630714221105,0.023208277182110493,0.07266390857788951,3.7008396663316585,0.1508189423316586,0.4297546816683413
J01048-181,16.23022246918,-18.12244895479,3142.4102587939697,32.619610793969514,11.538981206030257,5.051076380904522,0.08423309290452252,0.04273837909547762,0.0353783147236181,0.1004728895236181,0.1182663884763818,2.275341350251256,0.4774337302512561,0.35587152574874414
J01125-169,18.13325425371,-16.99615487248,3136.8689417085425,27.91324570854249,18.39982629145743,5.015160973869347,0.02531994986934638,0.07306212613065366,-0.174222455201005,0.11489967039899501,0.16065216084100498,4.5408657085427135,0.35208758854271327,0.21830176345728614
J01339-176,23.49187379987,-17.64077346314,3268.150422110553,14.939942110552693,24.767893889446896,4.889800897487437,0.014226809487436931,0.07437838251256235,-0.0746724036180904,0.13438708598190952,0.0748720052020903,4.819443814070352,0.35030974207035204,0.2625498619296476
J01433+043,25.83219667036,4.31825535643,3569.1912542713567,39.66722227135688,15.601737728643457,4.779556026633166,0.029147114633166105,0.0679206533668335,-0.1435205991658291,0.0731373416341709,0.0678133443658291,2.84534447638191,0.14718266838190974,0.22620060361809013
J01518+644,27.96550010712,64.4341179615,3606.4586874371857,13.70411543718592,47.0820805628141,4.7238874160804025,0.021053816080402576,0.05339950391959736,0.0152817154773869,0.0492259051973869,0.044611250602613096,3.0181796407035177,0.14912713270351796,0.3345056112964824
J02002+130,30.05898704765,13.04407120112,3119.874291959799,27.055371959798777,20.04934404020105,5.020808467336684,0.03872956333668398,0.05246106066331624,-0.0767412543718593,0.18213398242814072,0.1140357892918592,5.678177946231156,0.3808364462311564,0.20215609776884325
J02015+637,30.39465528965,63.76957862948,3561.960984924623,40.46621692462304,14.440403075377162,4.749836754773869,0.027619338773869018,0.06731599322613047,-0.0163656447738693,0.1105875912261307,0.0431718994938693,2.3380705638190955,0.1446926838190956,0.2623375441809048
J02070+496,31.76767495537,49.64350411033,3375.292781407036,10.13752140703582,50.25657059296418,4.9091833407035175,0.07200871270351783,0.013415683296482683,-0.1178439335376884,0.0748062128623116,0.0848553718176884,3.885816681909548,0.29701135790954813,0.19205285009045214
J02088+494,32.22505236302,49.44771631278,3229.329068844221,15.564724844221018,44.6017351557789,4.849403948241206,0.02491139624120553,0.04207901175879414,0.0417895805527638,0.060139918552763696,0.0869326058472362,28.55289368341709,0.5387763634170888,1.0795482365829123
J02123+035,33.07959930325,3.56738515497,3949.638322613065,72.45560261306537,28.23840138693504,4.730209652763819,0.07107691676381922,0.024404571236180672,-0.3541154243718593,0.10431507002814072,0.12074282957185928,1.4676374552763818,0.1354710792763818,0.19816677272361827
J02222+478,35.56244783525,47.88021328768,3976.6029386934674,49.40430269346734,46.908589306532576,4.669381840703518,0.029927312703518005,0.02873499129648227,0.0820954682914573,0.08487117153145719,0.057956645308542706,2.680911489949749,0.34269230194974876,0.387328198050251
J02336+249,38.40513666109,24.92413187712,3184.9441201005025,17.65257210050231,23.614547899497666,4.962470070351759,0.029047190351758623,0.08214432564824126,-0.0340026300502512,0.4013860443497488,0.0871974471702512,5.987965646231156,0.3657841062311551,0.28359709376884457
J02358+202,38.97329569549,20.21926027726,3666.4092899497487,8.382393949748803,54.609810050251326,4.699048623115578,0.02374970311557778,0.03619937688442221,0.063910576281407,0.04357663876140701,0.04326057771859289,2.956903212562814,0.11347204856281401,0.4112532034371861
J02362+068,39.07167733324,6.87808989817,3401.6250030150754,26.255879015075607,37.55497698492445,4.872831959798995,0.05693841979899439,0.03662233620100519,0.0309190025125627,0.16310637611256268,0.022991512007437195,2.110272383919598,0.19710146791959793,0.3163509400804019
J02442+255,41.06888178038,25.52175109435,3476.399479396985,35.951943396984916,16.82689660301503,4.8170943959799,0.031018675979900046,0.0649116040201001,-0.1280775042331658,0.11212731336683421,0.04951023743316581,2.4133646753768843,0.22687185137688415,0.23016250462311572
J02519+224,42.97593728423,22.45782391609,3202.94335678392,19.999452783919878,36.98677121607989,4.85387848241206,0.027181150412060262,0.036252377587939755,0.1016470961809045,0.0960357647929045,0.026098515819095502,30.136032809045226,0.9362048090452255,0.33023639095477364
J02565+554W,44.14913665815,55.43522737414,4092.894181909548,62.357621909548016,54.7125940904516,4.668754291457287,0.049154211457286046,0.03544106454271301,0.0408389476381909,0.1091646097981909,0.1165621123618091,1.50864411959799,0.10038806759799002,0.5179572604020097
J03133+047,48.35325823821,4.77520017099,3167.8148638190955,35.19111181909557,15.31452818090429,5.013253785427136,0.0821003574271364,0.04621527057286379,0.065074362160804,0.12278133896080401,0.1200376034391959,2.0237565407035176,0.3237993367035177,0.4065649952964825
J03181+382,49.53369363538,38.24952141692,3873.266139698492,22.378463698492396,70.17737630150759,4.668844698492462,0.024412730492461954,0.033932321507538,0.1720233546733668,0.09605221987336679,0.0576041381266332,2.5622663110552764,0.3124609110552763,0.4129731249447235
J03213+799,50.35121497817,79.9685443981,3644.187307537688,41.61086753768814,14.330732462311971,4.742154907537688,0.02713777953768748,0.07197347246231178,-0.192017308643216,0.048609982156784,0.094432311483216,2.7787059236180904,0.23254321561809022,0.2145546963819096
J03217-066,50.4469609119,-6.67360462856,3604.3624050251256,9.823413025125774,53.22054297487466,4.721445921105528,0.020575265105527762,0.05078946689447239,0.0350371583919597,0.0408290635679596,0.0395788288080403,3.8158003316582914,0.17803172365829134,0.32152362834170845
J03463+262,56.58583316845,26.21463311223,4034.851142713568,48.8824627135682,55.31192928643168,4.666690537688442,0.023058273688442377,0.035972254311557705,0.1550605263316583,0.13782026289165827,0.058319545668341716,3.029217397989949,0.3626519139899491,0.394090382010051
J03473-019,56.84805849384,-1.97342558103,3432.7982326633164,27.713452663316275,36.65989933668379,4.796821802512563,0.02700964251256277,0.06842633348743732,0.0563298826130654,0.1455078238130654,0.058607264986934596,10.232544494974874,0.7170942149748747,0.1163565050251254
J03531+625,58.29378718241,62.56771136911,3582.195,42.40991200000008,18.758467999999993,4.7972716959799,0.03482321597990001,0.07442138402010023,-0.1987986709085427,0.1146388958914572,0.056216045308542795,2.284459340201005,0.22017575620100516,0.19418398779899482
J04153-076,63.82965602087,-7.67090338261,3339.984959798995,18.8042557989952,45.62988020100511,4.892926883919598,0.027814259919598072,0.09025557608040202,0.0167240048241205,0.4122124748241205,0.0512147071758795,7.057444787939699,0.41384157193969884,0.2715391400603018
J04225+105,65.63439108319,10.52203303307,3509.1935507537687,26.629918753768834,25.075537246231306,4.739101045226131,0.0320059812261313,0.0435136867738688,0.060933004522613,0.06359702314501291,0.035415172917387,2.122370033668342,0.22098851366834205,0.3251019543316582
J04290+219,67.25019487313,21.92347532672,4285.458109547739,86.51210954773887,39.9704304522611,4.663630959798995,0.04728770379899494,0.038424984201004264,0.2021769385427135,0.3872502097427135,0.0679132918572864,2.9060330849246228,0.7860073969246226,0.30829293107537703
J04311+589,67.80919062833,58.96797997155,3311.5997788944724,26.795674894472086,29.22128510552784,4.891505695477387,0.068659351477387,0.01934969252261265,0.0850199781407035,0.1464216584207035,0.015853314459296497,2.086253206030151,0.3758631340301508,0.2823847019698493
J04376+528,69.42278387138,52.89150297231,4148.195738693467,62.56927069346739,41.02242130653303,4.660094593467337,0.0223609054673366,0.03557732253266277,-0.0520729415075376,0.07833057249246239,0.08871854934753759,2.804593789447236,0.38236372544723585,0.40825620255276407
J04376-110,69.42341319622,-11.03975218735,3674.057490954774,42.56863895477409,12.494661045226167,4.718572017085427,0.019517529085427476,0.05536448291457319,-0.0842994024120603,0.0646271603879397,0.07673654528406029,2.602728972361809,0.20613805236180882,0.264993211638191
J04429+189,70.73548173808,18.95320292639,3642.045487437186,6.266247437185939,56.2204085628141,4.717229820100503,0.031825484100502344,0.036060955899497316,0.0089535971859296,0.0575371358259295,0.0514750942540703,2.908578634673366,0.11250840267336626,0.3681052853266338
J04429+214,70.73293563415,21.47356618654,3429.172738190955,20.73061819095483,32.67611380904509,4.853064115577889,0.07636415557788911,0.02024364442211013,0.0133121103015075,0.0945539401415074,0.028296446778492496,2.7023425246231154,0.1529470286231156,0.24398933937688438
J04520+064,73.02457095864,6.47519220607,3378.0733879396985,25.72985593969861,29.731852060301662,4.864604631155779,0.06767185515577889,0.015837168844220706,0.0553088337185929,0.10736886643859281,0.02295386028140709,2.494464320603015,0.18686628060301524,0.24719928339698516
J04538-177,73.4601565715,-17.776283503,3664.138929648241,47.020941648241205,13.427670351758934,4.767207627135679,0.04138993113567935,0.06017580086432073,-0.3124320752763819,0.05708613672361801,0.1247349136763819,2.28154553718593,0.2649112331859298,0.19552707081406995
J04588+498,74.71150190902,49.84878426248,4079.919522613065,57.307758613064834,55.42800138693474,4.663698266331658,0.028717106331657583,0.034265517668342405,0.1701210470854271,0.184093685573427,0.061479389714572785,3.1628711959799,0.5347616639798995,0.2292622120201
J05019+011,75.48623384039,1.14484712281,3230.9156145728643,25.799566572864478,25.019853427135786,4.906032642211055,0.0613690422110551,0.0326861177889457,0.0607872951758793,0.2682444959758793,0.0511697640241207,10.063415668341708,0.4346184683417089,0.29089621165829094
J05019-069,75.48680521252,-6.94858740903,3180.296440201005,18.53066020100505,18.840339798995046,4.989720953266332,0.04187324926633185,0.06503589073366811,-0.13686842,0.133572486,0.136904960552,4.049196143216081,0.2884389832160812,0.2072398727839193
J05033-173,75.83262223514,-17.37551008567,3404.142269849246,26.15204584924595,23.82396215075414,4.888974266331658,0.05706821833165865,0.029574205668342124,-0.2151363392462311,0.07604176795376888,0.07682995444623111,2.53906747839196,0.26886961439196,0.1960339816080401
J05062+046,76.55399399668,4.65715172757,3170.2883100502518,21.696326050251628,34.21544994974829,4.859227763819096,0.03256483981909586,0.04614420418090415,0.1661871479396985,0.1182664387396985,0.03640931886030152,29.809761939698493,0.32005805969849277,0.5048720603015084
J05127+196,78.17726253072,19.66672536075,3635.7800095477382,40.22785754773804,14.111270452261579,4.724633301507538,0.020802845507537526,0.0688486064924625,-0.1225597193869347,0.09184066941306519,0.0653606598669347,2.4119197854271355,0.23556518942713556,0.22646687457286463
J05280+096,81.99976842562,9.64056849358,3380.116643216081,26.886891216080585,26.06730878391909,4.907515960301507,0.05190726430150683,0.03236765969849387,-0.1340294158040201,0.1103004609959799,0.08660489604402011,2.2278481417085425,0.2792799817085425,0.26659947829145736
J05314-036,82.86754111476,-3.68652760191,3904.807281909548,39.065017909547805,61.1837180904522,4.671342157788945,0.03117112578894421,0.039296234211055214,0.2473217222110554,0.16553522221105538,0.058962673788944625,2.7332019668341707,0.31341359883417086,0.39299686116582944
J05337+019,83.43563711933,1.94471918151,3352.511892462312,10.991212462311978,61.23159553768801,4.780876623115578,0.03415242311557787,0.020806824884422426,0.0635328867437186,0.020591537943718596,0.09389525845628141,15.001012246231156,0.4151622062311553,0.3225671937688439
J05348+138,83.71660430394,13.87787924781,3411.2263567839195,20.970828783919387,33.170507216080296,4.845642381909548,0.04850207390954786,0.036189490090452026,-0.0346422679145728,0.1172712728854272,0.037839557346572794,2.3557306221105527,0.20584665411055258,0.2734675778894471
J05360-076,84.00082080162,-7.64749055072,3352.2145557788945,15.982267778894311,39.829252221105435,4.852713540201005,0.0654625122010053,0.02183985979899461,0.1081407496482412,0.1355335087682411,0.0163176759517588,1.5256395391959798,0.050780303195979926,0.5423618528040204
J05365+113,84.12911430606,11.32761830865,4139.250858291457,48.4943382914571,51.40076970854261,4.658437477386935,0.024839681386934487,0.037076734613065376,0.1297830008542713,0.14439840562227121,0.08263509994572871,3.845677195979899,0.5050079519798993,0.19218810002010045
J05366+112,84.16024229906,11.2966132947,3218.789287437186,11.353207437186029,32.64410056281395,4.935018767839196,0.02452097583919599,0.07447238016080426,-0.0311388350753769,0.3991457081246231,0.0676496465153769,6.130414998492462,0.3145590944924619,0.27925152150753796
J05415+534,85.37807337011,53.48750978877,3838.8901889447234,32.09062094472347,54.72600305527658,4.683850386432161,0.030758506432160715,0.022391985567839612,0.1204453910552763,0.032198596255276296,0.07035455414472369,3.4682695,0.17983090399999968,0.3876992440000002
J05421+124,85.54770759482,12.48235991779,3390.79966080402,24.764904804019807,41.11480319598013,4.882596584924623,0.05240638492462324,0.0363303750753774,0.0305255743718592,0.1746392439718592,0.0259461100681407,1.9659726201005023,0.41996133610050235,0.30667814789949777
J06000+027,90.0159764416,2.7063740799,3185.0932587939697,17.211910793969764,28.340181206030138,4.970124487437186,0.040091315437186026,0.039257664562813765,-0.1091229450050251,0.4138920389949749,0.0512251386050251,8.146844222110552,0.2368416781105518,0.47229189788944836
J06011+595,90.29510135819,59.59306278611,3304.2186080402007,17.5158400402006,38.55293195979948,4.917986005025125,0.059866765025125446,0.01887883097487464,-0.0171965100502512,0.1285481259497487,0.0383971314902512,2.620072155276382,0.2645244672763818,0.16962897672361787
J06024+498,90.62210758518,49.86182103676,3136.1537638190957,30.706267819095956,14.05709618090441,5.022934538693467,0.05286807469346666,0.07610351730653342,0.0503956923115578,0.1047340869515577,0.1024505476884422,2.595834310552764,0.5686617105527638,0.21249888144723617
J06103+821,92.58432174711,82.10081629101,3585.478966834171,43.255606834170976,13.500713165828984,4.763621070351759,0.031106806351758998,0.07213901764824104,-0.1458430825678391,0.0811027250321609,0.07815567476783909,2.491855634170854,0.18123616217085425,0.2053335538291461
J06105-218,92.64357908168,-21.86782311323,3856.623910552764,31.528738552764025,62.95520544723604,4.67681643718593,0.025448197185929722,0.02770052281407054,0.0419466631658291,0.0366107025858291,0.0814980472341709,2.752560971356784,0.22331443935678363,0.44210262864321637
J06246+234,96.17468890917,23.43077856957,3326.6884869346736,25.704170934673584,32.0926650653264,4.9632818165829145,0.06027625658291402,0.028351763417085785,-0.0986225027638191,0.11756895683618089,0.11930143360381901,2.8566126733668344,0.21212440136683464,0.21097594263316566
J06371+175,99.29143146488,17.56631651774,3885.114192964824,52.30978896482384,48.397447035176356,4.732416036180904,0.05062882818090397,0.04724617981909596,-0.4077035889447236,0.13086047505527643,0.10576173334472361,2.5710378085427137,0.2548486205427136,0.4335010994572861
J06396-210,99.90509624943,-21.02553280795,3269.1978497487435,16.803849748743687,33.140970251256476,4.8929654090452255,0.015693957045225027,0.0752620389547749,-0.0918467793969849,0.03943060860301509,0.09951103195698481,3.723410688442211,0.3495906644422111,0.15323521555778896
J06421+035,100.54682814138,3.58013517318,3494.245536683417,33.89140868341701,25.475399316583207,4.801171336683417,0.024864784683416907,0.08358909531658298,-0.0604804794472362,0.14024098215276382,0.0333778766872362,2.074430526633166,0.19427713063316587,0.285045801366834
J06548+332,103.70012922714,33.26640801817,3448.372689447236,24.785361447236028,29.078578552764156,4.80958652160804,0.027222633608039892,0.06701143039196022,-0.0823459670854271,0.1276109841145729,0.0488676723654271,2.236024997487437,0.2235145654874371,0.2629751625125629
J06574+740,104.35739272726,74.09057160646,3218.6368326633165,26.39735266331627,44.51373133668358,4.893894819095477,0.046999179095476684,0.04388786090452257,0.0466877258291457,0.1533025410291457,0.03727549153085429,31.233872130653268,0.9266082506532669,0.6102381093467315
J06594+193,104.87435115777,19.34487368505,3085.49231959799,41.54308359799006,10.108924402010416,5.076470105527639,0.09027442552763887,0.05364752247236115,0.1688252211055276,0.1607067535055276,0.06228813969447239,2.549820276884422,0.635745192884422,0.2711143951155779
J07033+346,105.84622747575,34.69823331245,3196.9019804020104,9.621004402010385,27.196635597989825,4.959008952261306,0.030553660261306348,0.08217072773869383,-0.0500966692462311,0.3965773467537689,0.082721983086231,5.429053413567839,0.3500907055678386,0.2309769744321608
J07044+682,106.1122482527,68.28901639536,3510.76335879397,36.39557079396991,22.47296120603005,4.773592692462312,0.026598052462312616,0.06430613553768794,-0.0145407170351758,0.1213159373648242,0.039237706195175796,2.353507,0.1445777279999998,0.2573024959999999
J07274+052,,,3402.46742160804,26.419461608039455,34.49784239196015,4.881328450251257,0.06188839425125625,0.02891573374874401,0.0087963911557788,0.1607343919557788,0.026802722764221097,2.119240393969849,0.17120912196984928,0.31491775403015065
J07287-032,112.19128658652,-3.30164700652,3491.285996482412,36.18857248241193,22.767595517588234,4.793002609547739,0.025195169547738594,0.07790883045226149,-0.0732069528693467,0.13692388913065331,0.0390594782693467,2.0947920165829146,0.18963374858291449,0.28849880741708533
J07319+362N,112.98739022538,36.228664834,3290.956792964824,11.607048964824116,36.64415103517558,4.903645942211055,0.037685978211055016,0.08113870978894511,0.0301489363316582,0.3609237691316582,0.0581610170283418,5.858526662311558,0.39998071031155824,0.20371336568844267
J07353+548,113.84028667734,54.84977307864,3571.2147236180904,43.15663161809016,18.946140381909572,4.790511331658292,0.03492867165829239,0.07621582434170815,-0.1563059312763819,0.11972464112361811,0.0782738211163819,2.174494581909548,0.1950292859095477,0.22251137809045218
J07361-031,114.02980309738,-3.11206440977,3865.125032663316,42.80802466331579,49.41989933668401,4.695637226130653,0.03847626613065369,0.0156786618693463,0.1388889225879397,0.047178018187939694,0.07515424741206031,5.284353639698493,0.2781842596984925,0.2736048603015071
J07386-212,114.67284553042,-21.22669095626,3411.0862261306534,22.26774613065345,26.666701869346525,4.883440655276382,0.06415489527638218,0.025448368723617776,-0.1506570435778894,0.0671147136221106,0.0780435649378895,2.6654676492462315,0.2191489532462314,0.23196722675376868
J07393+021,114.8453404773,2.1825730064,4087.462448743719,55.096472743719005,47.294567256280516,4.666071514572864,0.03267811457286385,0.031614853427136325,0.0932526777386935,0.1255216482986935,0.0832125274613065,2.512965115075377,0.3058015430753773,0.5043569969246229
J07472+503,116.80766643936,50.34438118151,3197.7049130653268,21.13563706532659,21.866510934673443,4.916675483919598,0.05311077991959845,0.022665356080402432,-0.1043202490251256,0.09826749497487439,0.0862158593051256,13.579129934673366,0.49127887467336606,0.18472286532663418
J07558+833,118.96345515735,83.38204366283,3161.786630653266,23.660282653266222,12.976921346733889,4.891966529145728,0.017195673145728563,0.060236670854271424,-0.1249541418090452,0.0688201717909548,0.0814532662490452,15.980036924623114,0.42933388462311406,0.2140825953768868
J07582+413,119.55420831739,41.30064250417,3329.5746271356784,28.325495135678466,22.785580864321673,4.897776427135678,0.05883658713567819,0.01799706886432162,0.0097079273366834,0.1580785573366834,0.023484625543316595,2.1278874522613065,0.30002581626130653,0.2432750557386938
J08119+087,122.9946825611,8.75040152206,3316.308686934673,18.181514934673032,38.66912506532708,4.971224927135678,0.0563866471356782,0.03803992086432206,-0.2256663469798995,0.05042674022010046,0.1582513965798995,3.613743603015076,0.1732541710150759,0.2426841009849241
J08126-215,123.17043503163,-21.55502398567,3284.048170854272,19.80259485427223,39.02773714572777,4.902730689949749,0.06386981794974922,0.02127609805025088,0.055895674562814,0.106140393402814,0.043237278637185995,2.559567086934673,0.22611451093467316,0.2441544410653269
J08161+013,124.03158305458,1.30284272698,3668.221268844221,39.788660844220885,15.33899515577923,4.7222709834170855,0.019919943417085584,0.0686425765829144,-0.1399806583919598,0.07795909640804019,0.07010931399195981,2.4149315914572864,0.24562741945728606,0.21877072854271384
J08293+039,127.34088758916,3.91894899211,3625.569433165829,11.154393165829333,52.01991083417079,4.714106012060301,0.023191800060301304,0.04151117193969789,0.0424471260804019,0.0432320044956018,0.0465231467195981,3.0499436165829144,0.1477565445829141,0.36369831141708575
J08315+730,127.88482170746,73.0639299446,3442.204381909548,24.729861909547708,36.248446090452035,4.822241236180905,0.030627964180904854,0.0684204598190945,-0.0069186361306532,0.1405151878693468,0.0292113444506532,1.965560995477387,0.2967318114773869,0.35171057252261284
J08358+680,128.94437156732,68.06670261378,3449.66702160804,9.263809608039992,50.511698391959726,4.851086025125628,0.06645528512562837,0.020675094874372135,-0.143916568,0.04060808360000001,0.09210358428,3.1846555542713566,0.1883434182713568,0.2230377817286433
J08402+314,130.06766840126,31.45242630658,3380.9569512562816,27.00211925628173,31.667868743718373,4.898004321105527,0.061060977105526604,0.02614233489447315,-0.0038475581407035,0.1477530474592965,0.0403078321407035,2.4003655628140703,0.1714495988140703,0.2180511851859297
J08409-234,130.24445565917,-23.45269701927,3462.3094597989952,26.03528379899535,32.20818820100476,4.791567206532664,0.03095364653266408,0.059161137467335756,0.0518077542211055,0.0927833783011055,0.0258607828188945,2.1482438045226133,0.16607399252261335,0.28492506747738666
J08413+594,130.33159038955,59.49165865054,3050.302044723618,20.32246072361795,26.668231276381903,5.080713187939699,0.09507780393969867,0.04136929206030171,0.1120203652261306,0.1359782768661305,0.0822261955738694,3.494364817085428,0.5166503130854276,0.44028193091457224
J08526+283,133.16783218849,28.31525242185,3272.282454773869,19.96023877386915,38.448585226130945,4.902669912562814,0.058413324562813784,0.018406835437185798,0.1088829644221105,0.14305385162211048,0.024327171977889514,2.1267593130653264,0.3032011290653265,0.28225643093467356
J09005+465,135.13226060522,46.58408859435,3182.596486432161,23.96869843216109,20.737769567839223,4.971521285427136,0.03979050942713691,0.08784791457286367,-0.0190676376381909,0.16064103476180908,0.1386633320381909,3.7576039085427135,0.4239422045427137,0.22004309145728662
J09028+680,135.72254605697,68.06446038567,3428.351424120603,28.336564120602816,38.85013187939694,4.845579212060302,0.02979775206030144,0.06376855193969888,0.0078805403819095,0.1651134087819095,0.026615435058090497,2.028770506532664,0.26941281453266397,0.32406023746733625
J09133+688,138.34761177342,68.87418195251,3597.2503547738693,22.63249477386944,41.25857322613092,4.72209787638191,0.021636036381909918,0.051700139618089835,0.0722547563819095,0.048191235101909494,0.0394461668180905,4.346374145728643,0.11537023372864397,0.362730406271357
J09140+196,138.51257175913,19.6675599838,3510.832269346733,12.02064534673309,50.6155266532669,4.78373535678392,0.05620402478391995,0.031321747216080276,0.0307269611055276,0.0289315470535276,0.0565233324944724,3.502650944221106,0.2171577202211057,0.28615410777889405
J09143+526,138.58356161522,52.68408016691,4148.078418592965,60.41771859296523,34.7077694070349,4.659071534170854,0.02270447417085375,0.03715574582914538,-0.0337485346733668,0.09189319212663319,0.0913873243933668,2.7467181618090453,0.4774168938090453,0.38046744619095474
J09144+526,138.59131179667,52.68342944184,4098.957761809045,58.4297738090454,46.94223019095443,4.6599316753768845,0.025485795376884113,0.032379364623115414,-0.0070240383417085,0.09457656245829149,0.0923738007417085,2.669124382914573,0.4415949749145729,0.39930743308542693
J09161+018,139.04266578606,1.88533615119,3204.787940703517,21.576780703517215,28.789707296482902,4.913828499497488,0.022128259497488756,0.0598113005025116,-0.1801541131155778,0.1092912872844222,0.08552760167557791,14.59890028643216,0.4383216864321611,0.21719455356783968
J09163-186,139.08454259852,-18.62515602142,3619.407329648241,12.519581648241001,45.029518351758725,4.763073732160803,0.05409519216080305,0.020487775839196587,-0.0121146392964824,0.06293872750351759,0.0413868579764824,3.7375356371859296,0.17624354918592955,0.2578621748140706
J09307+003,142.68324346444,0.32022324372,3386.384369346734,26.405697346733632,27.502222653266017,4.877320782412061,0.05999736241206044,0.026923977587939518,-0.0465580301005025,0.1236252282994974,0.0376474986445025,2.438898927638191,0.23811763563819133,0.20506396036180874
J09360-216,144.00748512334,-21.66520085526,3545.510328140704,43.70268814070414,16.540539859295677,4.80524615879397,0.02588261079397025,0.06972115320602956,-0.2218030306532663,0.11177482054673371,0.0661012626532663,2.3294176185929647,0.20990436659296474,0.2385634694070351
J09411+132,145.29015483359,13.20892597981,3679.91071758794,45.32856958793991,14.82032641206024,4.721070195979899,0.03177127597989937,0.04195183202010089,-0.017776528241206,0.055079840718794,0.049586889681205996,2.9554771618090454,0.1771623858090452,0.2494799421909546
J09423+559,145.59099004006,55.98142639896,3420.0655216080404,23.88654560804025,39.98964239195948,4.8490086331658295,0.06336385316582938,0.029205218834170488,0.0496724292964824,0.1176529360964823,0.031146977103517604,2.1882750628140704,0.14321758681407015,0.28345580918592983
J09425+700,145.63642599575,70.03267406175,3539.102889447236,17.42996944723609,48.45758655276404,4.757492012562814,0.044060172562813804,0.03673762743718623,0.0859554944321608,0.0454378064321608,0.044663105967839095,4.0083530653266335,0.13301733732663346,0.35062983867336595
J09428+700,145.70679590922,70.03823099188,3408.230735678392,12.911431678392091,53.18553632160774,4.846686544221106,0.06732020022110508,0.020767907778894923,0.0168138661809045,0.059078624660904494,0.0644125238190955,4.006903556281407,0.36662704828140713,0.12971783171859297
J09439+269,145.9788403638,26.9685526196,3440.979503015076,19.11332701507581,39.42668898492411,4.821709944723618,0.036134636723618385,0.06219650727638193,0.0128920464321608,0.1382247844321608,0.0292239198078392,2.187042603517588,0.17285696351758784,0.2516285644824121
J09447-182,146.18979553814,-18.21436369865,3336.9035266331657,28.396598633165922,26.973373366834494,4.8956521959799,0.05699981197989956,0.018063324020100247,0.0411088431658291,0.1567981914058291,0.014798695114170798,2.1382100271356785,0.2803102671356785,0.25664640086432167
J09468+760,146.70363523804,76.03947042549,3970.982527638191,36.00992363819114,75.36345636180886,4.684168391959799,0.04676137995979879,0.03982613204020069,-0.2549981658291457,0.042016508570854205,0.16298750390914568,1.470339527638191,0.18832395563819104,0.185218868361809
J09511-123,147.79534254143,-12.33632371948,3957.344135678392,64.96262367839199,37.68035632160809,4.685149256281407,0.03541496028140667,0.03415484771859312,-0.2050120114572864,0.0370000109427136,0.1348564068972864,1.5176126085427135,0.029374844542713552,0.8948782874572865
J09561+627,149.03317491182,62.78586947843,4040.0920301507535,51.172646150753735,47.39857784924652,4.664023492462311,0.024683252462311067,0.036347227537688376,0.1209120505025125,0.1212715047889124,0.05472482269748749,2.7550470301507537,0.16520359815075336,0.5218259898492463
J10023+480,150.58641971895,48.08224673491,4079.7473582914577,52.90328629145779,74.42640170854202,4.674538547738694,0.05800886773869429,0.021555420261306857,-0.1496847488944723,0.04613000350552768,0.14500586367847232,1.4839176336683415,0.16707882566834154,0.21893491833165846
J10122-037,153.07293731001,-3.74674755302,3720.133787939699,40.30715993969898,30.000812060301087,4.693083713065327,0.019612433065327117,0.03345930693467203,0.0633772537688442,0.037281185928844204,0.04641510023115579,3.403680115577889,0.12843551157788902,0.3982116924221111
J10125+570,153.14209679387,57.06123755179,3393.606285929648,24.83675392964824,27.058426070351743,4.872215167839196,0.0554108278391956,0.02761232416080439,-0.0910521676884422,0.1016809019115578,0.0722617197284422,2.3733779693467336,0.24763415334673367,0.22477800665326653
J10167-119,154.18955538044,-11.96446467006,3687.969425125628,44.96268112562802,13.697750874372105,4.719991369849246,0.0325996618492459,0.029446710150754285,0.0029703867839195,0.0907475379039195,0.0481351261360805,2.005523282412061,0.30317269041206085,0.3057307495879389
J10196+198,154.89881370111,19.86980990545,3389.719076884422,32.26352888442216,36.548907115578004,4.855774999497488,0.027918419497487967,0.07937404050251207,-9.778867336683E-4,0.32425483246633174,0.0407652512536683,8.059659432160805,0.4487535561608045,0.21459240783919498
J10251-102,156.2920240682,-10.22815208004,3774.206446231156,27.966430231155755,48.05547376884397,4.70112501959799,0.037113139597990674,0.013856012402009732,0.044667530603015,0.0448676997870149,0.048953798996984994,3.1567270085427137,0.12713820854271374,0.4934495874572864
J10289+008,157.22878342623,0.83774688777,3637.228933165829,44.56726916582875,11.861842834171057,4.755141706030151,0.02709597403015085,0.06744911396984943,-0.1985777393919597,0.0475089522080403,0.08686859663195969,2.80705088241206,0.20600414241206,0.22655184958793972
J10350-094,158.75568416721,-9.41153944862,3477.258732160804,32.27723216080403,23.01081583919631,4.7872654,0.025655011999999644,0.0602689759999997,-0.0430643533165829,0.1239224822834171,0.0389375886245829,2.237903433165829,0.1860094011658293,0.27256141883417095
J10396-069,159.91580182993,-6.92421781934,3627.630387939698,40.98340793969783,13.880044060302225,4.7310295713567845,0.026181267356784055,0.04480003264321564,0.0254603556783919,0.0753452228783918,0.03790208400160809,2.354826074371859,0.142210382371859,0.32163357762814115
J10416+376,160.39964142183,37.60928436965,3347.181123115578,28.473871115577822,32.1381288844218,4.921508526633166,0.0581830546331652,0.030072741366834244,0.074951229045226,0.1901693846452259,0.035924813754773896,2.178468724623116,0.29250470862311584,0.27001746337688415
J10504+331,162.60865141202,33.0983255614,3450.9646221105527,25.803094110552593,35.33664588944748,4.793093663819096,0.034526111819096705,0.05162968418090319,0.0702913349497487,0.08911096418974859,0.02937122545025131,2.040247973869347,0.17529006186934692,0.340028826130653
J10508+068,162.71296406817,6.80448953812,3302.536318592965,23.0307025929651,31.319017407035062,4.904899004020101,0.06204296402010101,0.016932307979899086,0.0285951309045225,0.1413459923445225,0.0237117206954774,2.391087696482412,0.29064802448241167,0.20973433551758802
J11000+228,165.0156786024,22.83170230266,3516.460389949749,41.28455794974889,13.689210050251404,4.811873158291457,0.037610498291456906,0.0516502657085427,-0.1434174549899497,0.09248908261005029,0.0472802301899497,2.7673388030150754,0.18121249501507553,0.20046740898492477
J11026+219,165.66044263108,21.96690929052,3886.282596482412,36.40686848241194,54.26956351758827,4.678529798994975,0.030542042994975205,0.017961413005024518,0.1042168766834171,0.0397116577234171,0.07832836051658289,4.340902728643217,0.3343864726432164,0.2100770633567839
J11033+359,,,3774.864367839196,42.740631839195885,21.23036416080413,4.763682543718593,0.0599992637185931,0.03329309628140731,-0.3364848212060302,0.12747757639396973,0.07724950360603017,1.5230026914572865,0.04903358345728659,0.35986138854271355
J11054+435,,,3747.9237587939697,44.2053507939695,15.523417206030445,4.802586773869347,0.07804724186934742,0.02864425013065297,-0.4023571781407035,0.17990407785929652,0.0723841549407035,2.1301045075376885,0.2416234715376886,0.19684439646231144
J11110+304,167.76369133154,30.44389289229,3780.788073366834,26.660405366833857,54.52525463316624,4.69578916080402,0.0336277888040204,0.013385275195979318,0.0878808970351758,0.03473221743517581,0.056188946164824186,2.8874509994974877,0.09463751549748745,0.5023643965025126
J11126+189,168.16228296958,18.93487210507,3780.1952376884415,21.97962968844149,52.09689831155856,4.696032066834171,0.036194182834170974,0.014392157165828756,0.025751198643216,0.0401350951632159,0.057885009156784004,2.7651381562814072,0.1500293962814072,0.41603257171859287
J11201-104,170.02454101242,-10.49622493358,3654.740798994975,35.316238994975265,20.76224500502485,4.719633496984924,0.031106028984924983,0.04441286301507574,0.1503805683517588,0.0690076281917588,0.049362666448241194,7.484915568844221,0.4914361128442213,0.16210690315577914
J11289+101,172.23102334262,10.18004863201,3456.321172361809,23.9441923618092,34.6186676381908,4.81449756281407,0.02765253081406982,0.07501056918593019,-0.0376420008542713,0.1559354331457287,0.0371422454274713,1.867898134673367,0.34040283067336685,0.3617724453266331
J11302+076,172.56012975777,7.58781312215,3552.050984924623,41.69010892462302,11.51061907537678,4.749104959798995,0.025135599798995045,0.05842644020100529,6.350910251256E-4,0.0857688190251255,0.0393099325348744,2.5127122120603014,0.1541032040603012,0.23893152393969874
J11306-080,172.67268592788,-8.09412976081,3400.434043718593,22.48010771859299,31.991916281407157,4.861100157788945,0.06659547778894481,0.022389562211055036,-0.0197873074371859,0.0929818581628141,0.0448370982771859,2.77170571758794,0.20345342158794022,0.24048302641205987
J11417+427,175.43249920719,42.75157375642,3444.3271592964825,20.906575296482515,38.539280703517306,4.808953030150754,0.032838322150753996,0.06225836184924649,0.0509017990351758,0.1319522622351757,0.024250195524824207,1.783087407035176,0.254850219035176,0.4566746729648241
J11421+267,175.55067547084,26.70295395359,3550.542437185929,37.76921718592894,19.744506814070974,4.759093092964823,0.03474973296482364,0.06804417103517668,-0.0491706723517588,0.1296230212482412,0.0449872444357588,2.064529349748744,0.20614098174874407,0.22235941025125605
J11467-140,176.68206095689,-14.01787900816,3618.0212442211055,11.5939562211056,50.775715778894664,4.710548129145729,0.019471049145728614,0.04004623085427106,0.0883663382914572,0.042536090531457196,0.049384172108542804,2.552341742211055,0.09402000221105489,0.4489859937889449
J11476+786,176.93940798148,78.69329745305,3502.1163708542717,36.090778854271775,27.470037145728384,4.799304728643216,0.022110840643216,0.09099376735678355,-0.0715672444723618,0.15005056232763808,0.042233820032361806,1.9285599804020104,0.32675794440201034,0.3328891355979897
J11477+008,176.93768799004,0.79911997024,3203.2988592964825,9.829627296482613,32.9166847035176,4.948469231155779,0.02900131115577942,0.06248464884422056,-0.0468065327638191,0.0975277008361809,0.1005243270838191,2.6185952738693468,0.27430195386934697,0.19318838213065304
J11509+483,177.73016381236,48.37309979652,3190.716427638191,23.833763638190703,20.98833236180917,5.002363746231156,0.0688310582311562,0.03589112576884457,-0.0168159001005025,0.1409021906994975,0.0989138058605024,2.4817414085427134,0.1819594165427132,0.34337183145728645
J11511+352,177.77908194992,35.2731396431,3685.146301507538,26.56722950753783,36.398098492462395,4.727744748743719,0.041893324743718985,0.0402439272562809,-0.1165573374623115,0.0739738201376885,0.0767125314623115,3.508318492462312,0.18462969646231198,0.19268857953768803
J12054+695,181.3678591224,69.53936644394,3358.9867075376883,29.820783537688385,31.855132462311758,4.892606030150754,0.06363004215075385,0.0161225578492461,0.0824360745728643,0.1600442493728643,0.021700267027135706,2.2047253944723617,0.2382232504723618,0.2666683055276384
J12100-150,182.52307872638,-15.07454682533,3382.4264984924625,21.71347449246241,39.65745350753741,4.8498314472361805,0.06446615523618071,0.02640435276381936,0.1078266116884421,0.128192413448442,0.02412790591155789,1.6180125125628142,0.09500472056281417,0.5906639994371856
J12111-199,182.79799193877,-19.96139412325,3480.928346733668,35.933298733667925,18.347173266331993,4.809203774371859,0.034063586371859245,0.06212606562814038,-0.0950899924472361,0.1110042999527639,0.048520457727236094,2.3927163587939697,0.1958267467939696,0.24548017320603055
J12123+544S,183.08869317809,54.48616586319,4097.539065326633,53.288305326633235,51.92316667336672,4.677300691457286,0.04415417945728528,0.01782121654271407,-0.0932288380904522,0.0922567951095478,0.0988625955304522,2.49440817839196,0.9294315503919599,0.07402837360804027
J12156+526,183.91478803765,52.65242623924,3302.339254773869,102.58869477386861,96.50845722613076,5.0078503040201,0.1521019720201,0.08471728797989986,-0.0853641316080403,0.2830928339919596,0.2469744084080402,34.31371577889447,1.820043258894465,3.237816941105528
J12230+640,185.74383616312,64.03248298122,3745.947968844221,43.10267684422115,19.14056315577909,4.703046746733668,0.03188671473366789,0.02385509326633173,0.0177837296482412,0.0682545062882412,0.0470941833517588,3.1712322,0.24782567199999983,0.3196322720000002
J12248-182,186.22388950027,-18.25255602338,3677.384725125629,46.464657125628946,15.064114874371171,4.790683724623116,0.043012324623115994,0.0681451393768846,-0.3325911236180904,0.1760509899819096,0.057618139618090425,2.117643407035176,0.231711447035176,0.2446867249648239
J12312+086,187.81299297535,8.8082808209,4007.778064321608,59.4703163216077,41.08601567839196,4.674780738693467,0.03856425869346758,0.024307541306532343,0.0122165010050251,0.08973734100502509,0.0620705637949749,2.634512742713568,0.300645358713568,0.4132897932864319
J12350+098,188.75091289032,9.82707156235,3835.811133668342,44.42190966834187,31.666462331658295,4.712295350251257,0.03930197825125692,0.028501273748744005,-0.1738825349748743,0.05997923542512559,0.1424575002548743,1.4711852698492462,0.07154007384924621,0.2776165501507537
J12388+116,189.71325870875,11.69503594754,3522.882393969849,34.5568419698493,26.9217460301511,4.777377229145729,0.04452350914572811,0.05138845485427179,0.0553906539698492,0.0680744516898491,0.0364367822301508,2.46962365678392,0.14943176478392006,0.2517609672160801
J12428+418,190.70457462087,41.89660906888,3281.01495678392,14.727132783919842,38.73789521608023,4.90820083919598,0.03709008719598028,0.07854650880401959,0.0366851079396985,0.33971424793969845,0.05777357006030139,5.563252261306532,0.3434421533065324,0.21334624269346758
J12479+097,191.98138882517,9.74935423088,3405.2698452261307,26.79758522613065,40.68890277386936,4.8464309653266335,0.030748065326633878,0.051009250673367035,0.0297486101507537,0.1678991153507537,0.017798970329246298,1.549290579396985,0.058881427396984876,0.585464052603015
J13005+056,195.13547450286,5.68656685418,3086.9439763819096,21.80129638190965,33.427827618090305,4.91174259396985,0.05327415396984936,0.04254116603015046,0.0698774677386934,0.15193395693869338,0.08409677626130661,18.64739371859297,0.5331959185929698,0.40770144140703124
J13196+333,199.91560228235,33.34589602599,3780.437612562814,25.917924562814278,50.38404343718594,4.692545106532664,0.030415298532664004,0.026190269467336158,0.1561638009246231,0.04811722932462309,0.05725515387537691,2.7974309226130654,0.11803787061306537,0.5267702013869346
J13209+342,200.24446675766,34.27762309069,3917.5162412060304,63.923873206030294,24.799954793969846,4.680304495979899,0.036265107979899014,0.02544417202010063,-0.0341053962814069,0.08720770971859301,0.08513855764140679,2.3145292085427136,0.5475157965427135,0.37232633545728655
J13229+244,200.73344179223,24.46382240882,3472.849915075377,35.331507075376976,23.086672924623144,4.8058205738693465,0.023776813869346825,0.08003730213065374,-0.0487916670502512,0.1406604109497488,0.0358050651702512,2.3060203562814072,0.19145146828140724,0.30047307571859294
J13283-023W,202.08850669038,-2.3625012356,3545.920724623116,41.36270862311585,17.153463376884247,4.754224079396985,0.027439959396984293,0.06802087260301537,0.0212935711055276,0.08571624622552759,0.03275429897447239,2.245916335678392,0.15137506767839204,0.27532066832160806
J13293+114,202.340288785,11.43544404212,3692.8174165829146,43.991896582914706,26.878775417085308,4.713082341708542,0.03196894970854203,0.029872130291457744,0.0470221466331658,0.0663204407131657,0.0693975567268342,1.4663766060301506,0.06350877803015065,0.39615785396984937
J13299+102,202.50420163284,10.37238957413,3816.314245728643,47.327129728643285,29.077082271357085,4.695780953768844,0.035930817768844214,0.02848067023115597,-0.0850995168341708,0.05577491716582919,0.0962800164741708,2.68811436080402,0.17137210480402,0.38888098719597997
J13427+332,205.67969336228,33.28692386555,3350.647802512563,30.94335051256303,22.81724548743705,4.900755407035176,0.054331267035176545,0.019272520964823237,-0.0326042373366834,0.1467071462633166,0.0322162357566834,2.2743989226130656,0.27620904261306567,0.22781332538693455
J13450+176,206.27327486352,17.77728797145,4099.826394974874,43.812886974874345,68.888525025126,4.742815456783919,0.08651839678391937,0.03893919921608102,-0.5323404713567839,0.2707590286432161,0.08820845695678386,1.4756210261306533,0.17874592213065332,0.10151629786934668
J13457+148,206.44056584486,14.8850527046,3949.6873899497486,59.14275394974857,33.80465005025144,4.703360422110553,0.047830278110553515,0.036978721889447286,-0.3073530252190955,0.055312622780904486,0.14871596841909562,1.4833100386934672,0.0765471586934674,0.3342679933065327
J13458-179,206.45987655622,-17.97068075089,3389.0396216080403,25.623645608040533,34.749338391959554,4.890057720100502,0.06166770410050226,0.022819039899497184,0.0150158176381909,0.1634807096381909,0.023737548081808998,2.094623299497488,0.18962279549748806,0.31293657250251217
J13536+776,208.41629245213,77.61886343809,3202.833253266332,16.823089266331863,23.314514733667693,4.936681738693467,0.05939285869346733,0.02699204130653232,-0.1563520739673366,0.12325038043266337,0.0586300551673366,13.02049187437186,0.5480933943718593,0.14152944562813907
J13582+125,209.55650642406,12.58206347744,3347.0560683417084,35.18504434170836,21.712899658291917,4.934300788944724,0.059291348944723765,0.024854331055276013,-0.2204259257688442,0.07891224983115577,0.0676361109688442,3.144325777386934,0.2149660853869344,0.24689289461306574
J14010-026,210.25961163219,-2.65220691841,3872.275574874372,58.67628687437218,26.48557712562797,4.693690238693468,0.038448194693467386,0.026432221306532,-0.1178697688442211,0.06803720515577891,0.1153131735402211,2.6253214502512563,0.3423311182512565,0.33174422174874385
J14082+805,212.05986313267,80.59485932688,4019.553980904522,56.03392890452233,58.84241109547793,4.672721296482412,0.04905597648241233,0.02356748351758764,0.045530472160804,0.1020933816808039,0.08637141503919601,1.570029855276382,0.06682419927638206,0.874157984723618
J14152+450,213.81650967848,45.01380459039,3630.321958291457,40.42415829145693,19.027813708542908,4.732284391959799,0.026148471959798414,0.054020808040201374,-0.0300980767839196,0.1047491080160804,0.0640396676639196,2.13467247839196,0.25870267439196004,0.27429848160804005
J14173+454,214.34237220585,45.42936021377,3106.277887437186,25.988775437186177,18.19633656281394,4.911418608040201,0.027067688040200544,0.06630331995979954,0.0942790571356784,0.1971389411356784,0.04539037126432159,20.39703081407035,0.5444826140703505,0.402883025929647
J14251+518,216.29652899703,51.82962179088,3542.357767839196,42.183651839196045,18.620904160804002,4.774070505527638,0.024843489527637708,0.07836179447236269,-0.0723241079899497,0.11681250681005029,0.0485465993099497,2.3301081271356785,0.19222908713567843,0.22997730086432178
J14257+236E,216.44823322587,23.61550181514,4010.070281407035,50.603305407034895,51.48098259296512,4.665564856281407,0.02876749628140729,0.038895799718592805,0.1720917618090451,0.17303964734504498,0.05654567859095491,2.3783615663316584,0.3706463223316585,0.4497959536683416
J14257+236W,216.43498979113,23.61211888242,4093.5274924623113,55.374508462311496,54.904683537688925,4.666784028643216,0.04087946864321523,0.035322675356783684,0.1828485659296482,0.24348974624964811,0.05525069287035178,2.420630494472362,0.4029193824723616,0.4126070495276384
J14294+155,217.36887348196,15.53841403834,3745.428948241206,34.93588424120617,31.595043758793963,4.704761803015075,0.03034421501507545,0.02394756498492434,0.006466720603015,0.063082008523015,0.056087168996984994,2.5016490050251257,0.12568494902512573,0.4753200429748743
J14307-086,217.69310643288,-8.64739066538,4213.252821105528,78.72214110552795,34.74384689447197,4.667175494974875,0.043789354974874684,0.028246569025125012,0.0659547843718593,0.1477916790118592,0.1098295564281407,2.5862499371859293,0.7046448571859294,0.23165279881407086
J14310-122,217.75297968151,-12.2978696795,3377.341671356784,18.694551356783904,35.13300864321582,4.867677657286432,0.06073183328643239,0.0222178267135682,0.0146425160301507,0.13277032323015062,0.0288900938498492,2.044553095477387,0.2895597194773869,0.28310478452261334
J14342-125,218.56843175697,-12.51692385359,3327.8387512562813,26.084727256280985,32.27171274371858,4.883058182412061,0.06850706641206106,0.022088337587939044,0.1097724087939698,0.1455278393939698,0.015446401206030108,2.0040220065326637,0.3939246145326638,0.29820638946733613
J14524+123,223.11861568045,12.39143178497,3636.343627135678,9.512867135678334,50.6626528643219,4.696527511557789,0.014821575557788513,0.04421029644221175,0.0984895387437186,0.0339271367437186,0.05652633045628139,3.274836981909548,0.10369372590954784,0.4061675860904521
J14544+355,223.61709656629,35.54542849536,3437.247048241206,25.353312241205913,37.08821575879392,4.869888246231156,0.06937925423115576,0.02316996576884378,0.0196285130150753,0.1379036166150753,0.0300924202649247,2.267565104522613,0.1495339685226127,0.28434510347738673
J15013+055,225.33415504486,5.54679427266,3403.7608718592965,17.816195859296386,32.19476814070367,4.867366712060301,0.06626519206030146,0.018236183939698947,-0.1304416888090452,0.0645442527909548,0.08049650272904518,2.7908850201005024,0.2230684001005021,0.24778388389949768
J15095+031,227.39562087412,3.16895907316,3566.7351125628143,40.416688562814215,17.345235437185693,4.750638081407035,0.027023881407035155,0.07043859859296475,-0.0183620401507537,0.1059560442492463,0.0480424388707537,2.271650290452261,0.15533049045226077,0.2790552895477387
J15194-077,229.85630133329,-7.72270702416,3415.807166834171,23.563670834170807,29.273469165829283,4.827005759296482,0.021383311296482077,0.07170723670351808,-0.1538276465326633,0.08503426026733671,0.07340437813266329,2.4300787934673367,0.27656112946733646,0.21711851853266362
J15218+209,230.47094024403,20.97832225751,3629.825430653266,44.59370265326561,23.947637346734155,4.708615673366833,0.019155393366833806,0.06521424663316733,0.1756925169497487,0.0738136409497487,0.05206450065025131,9.316541180904522,0.5338006209045218,0.22397797909547812
J15369-141,234.24220802863,-14.13661715335,3356.063886432161,22.223818432160897,33.82629756783899,4.879021301507538,0.0675546655075383,0.017661938492461893,0.0664203974371858,0.1486165974371858,0.016816310562814102,1.9488680733668344,0.40903798536683444,0.32327457063316567
J15474-108,236.85089113598,-10.89810964978,3547.12016080402,17.901132804020108,56.37356719597983,4.882316877386935,0.04768189338693496,0.057624562613065144,-0.2103377025376884,0.0966754446623116,0.12408612033768841,4.516610495979899,0.29141222397989885,0.31627665202010125
J15499+796,237.47429032556,79.664882103,3049.3644738693465,20.63824186934653,37.83569413065379,4.887594311557789,0.035379979557789376,0.0457074884422104,0.2284404892462311,0.0707891212462311,0.05884599075376892,30.11364865326633,0.4342092132663318,0.9750947067336675
J15598-082,239.9733328172,-8.25331951875,3688.8104241206033,17.815296120603307,51.360123879396724,4.7141534623115575,0.03510330231155745,0.024203769688442733,-0.0023308359296482,0.0702228710303517,0.047398969769648205,3.427479455276382,0.1708390312763819,0.32615454072361816
J16028+205,240.70770535248,20.58365404358,3333.806165326633,26.926545326633004,28.250766673366797,4.919212322613065,0.05552332261306514,0.022235921386934976,0.0528515959045226,0.1924290323045226,0.014088424335477398,2.1064174281407038,0.3192035841407037,0.27129234385929646
J16092+093,242.3162349409,9.35306799513,3442.842435678392,7.992627678392182,46.803916321608085,4.864174820100502,0.06892466410050258,0.02086811589949722,-0.1359734537185929,0.04361747268140709,0.0986483018785929,3.12403440201005,0.18558160201005025,0.21776483398994984
J16167+672N,244.18325773775,67.2566406263,3560.225350753769,40.524922753768806,15.018445246231295,4.757115985929648,0.032440405929647476,0.0509856220703524,0.0278538939698492,0.0470575032498492,0.0475696564301508,2.7632742984924623,0.12970097849246232,0.2643380615075377
J16167+672S,244.17238993246,67.23921576834,4174.182150753769,62.091598753769176,50.32254524623113,4.662819361809046,0.03606937780904573,0.03658195819095411,0.1683064904522613,0.2546293904522612,0.0674880471477387,2.8654945809045227,0.6069695249045228,0.22883941109547745
J16254+543,246.35588833282,54.3033386656,3591.2092613065324,49.16622930653239,10.760010693467393,4.830089698492462,0.032174682492462026,0.057431821507537784,-0.327808536080402,0.148878528719598,0.05408786088040202,2.7527357376884423,0.2219168256884423,0.2266757783115576
J16303-126,247.57481416249,-12.66785108081,3380.906064321608,25.493680321607826,30.5986476783919,4.873472100502513,0.053386552502512785,0.02750402749748737,-0.0320578012964823,0.1403932783035177,0.0336523499524822,2.131194198994975,0.23973679099497502,0.2843076970050249
J16327+126,248.18481430361,12.61217177904,3702.847571859296,36.66177985929562,31.9464001407041,4.724978506532663,0.03391628653266299,0.05230454946733687,-0.1755867361809045,0.0816860966190954,0.0965723449809045,1.5008825658291458,0.042779525829145904,0.32514462217085427
J16462+164,251.55561620944,16.47589944353,3558.83388040201,41.42560840200986,14.93463159799012,4.752062126633166,0.027268782633165678,0.07070309336683422,-0.0390655686180904,0.11338313178190959,0.0546522545380903,2.370375677889448,0.15437840988944762,0.2390252901105523
J16554-083N,253.85142032581,-8.32657626384,3334.312798492462,31.37735049246203,19.81647350753792,4.923631055276382,0.04290487127638176,0.032487744723617595,-0.1326388374120603,0.1054104117879397,0.08378948869206032,2.493588020603015,0.31906384060301507,0.16873076339698478
J16570-043,254.27604768746,-4.35064932356,3179.79559798995,13.422773989949746,21.622590010050317,4.934321974874372,0.03752385487437149,0.04140086512562835,-0.2025984580311557,0.08388051716884429,0.06470218843115569,14.041135100502512,0.5565044205025114,0.14555569949748737
J16581+257,254.53630439636,25.74190129543,3790.59829798995,28.71770598994999,53.55655801005014,4.6957115587939695,0.035924838793969904,0.012728781206030604,0.0100110254773869,0.0495284964773869,0.0577025379626131,3.259384632160804,0.15650522016080393,0.49008223583919586
J17033+514,255.85040248888,51.40906417008,3192.759868341708,13.453024341707987,37.57829565829161,4.983126291457286,0.08240273145728683,0.03889054854271379,0.0518009208040201,0.11307274080402,0.1017706067959799,2.112560512562814,0.4592619045628141,0.17738113543718592
J17052-050,256.3033222372,-5.09926700748,3908.601291457286,59.059939457285964,26.874332542714,4.706902728643216,0.04172948064321602,0.038587063356783524,-0.279276149881407,0.06224657891859292,0.14363350548140696,1.4669659376884423,0.09048339368844238,0.2335193023115576
J17071+215,256.77899349987,21.55390609373,3515.133665326633,36.25284132663319,19.53863067336715,4.77891315879397,0.022828338793970282,0.07135031720603013,-0.04050386,0.1226428336,0.038313684344,2.3137500256281407,0.1779044336281408,0.2255019063718593
J17115+384,257.89598966788,38.44254560682,3463.251139698493,27.351175698492625,29.981788301507095,4.792700817085428,0.02145169708542749,0.06872527891457203,-6.275037688442E-4,0.1356392166311557,0.0277781420488442,2.002368692462312,0.24014473646231216,0.30468026753768784
J17166+080,259.16950281593,8.05809130171,3598.0851487437185,41.57975274371847,16.60342325628153,4.753197061809045,0.027761733809045452,0.0726686861909549,-0.1267232475376884,0.0983347276623115,0.0687566968176884,2.3329466201005022,0.2308718521005022,0.1866272118994976
J17198+417,259.9713259724,41.71011698031,3563.572328140703,42.90749614070319,18.379011859296952,4.775067322613065,0.025397834613064774,0.07822450938693493,-0.1701463557185929,0.09885855148140707,0.0736126709185929,2.3785747025125628,0.18968630251256258,0.2393243694874374
J17303+055,262.59483404602,5.54741009931,3941.134947236181,60.26064723618083,34.5163567638192,4.679201610050251,0.036962854050250904,0.02836421794974875,-0.1126236907537688,0.0691540892462312,0.11046732539056879,2.4487594869346734,0.44313691493467333,0.3649417770653267
J17355+616,263.896114509,61.67927672424,3891.418243216081,37.68438721608118,61.43302078391889,4.67794104120603,0.022969173206029758,0.036996374793969444,0.1379664387939698,0.0908210672739698,0.04450765800603021,3.0712566160804022,0.2168718400804024,0.4224045959195979
J17364+683,264.1040525732,68.33349763759,3612.085924120603,36.759936120603015,25.02486387939689,4.734086572864322,0.028016232864321644,0.06014753513567861,-0.0382319314371859,0.11352444296281411,0.0696988379171859,2.01981436080402,0.2850953248040202,0.27524187919597987
J17378+185,264.47662365178,18.59608765435,3753.191679396985,40.834215396984746,24.649344603014924,4.768825787939699,0.07068164393969845,0.02085903606030115,-0.330171549798995,0.07630526060100501,0.11056676539899499,2.130957687437186,0.2036178954371859,0.23984492056281415
J17542+073,268.5686657879,7.37783232728,3389.5007904522613,25.690666452261212,39.49798554773861,4.872655465326633,0.06384038532663361,0.021570866673366496,0.0928178256281407,0.1318003219081407,0.0283530599718593,2.0587545879396987,0.19318452793969865,0.3166412040603013
J17578+046,,,3353.0947592964826,33.005831296482484,24.12242070351749,4.964166356783919,0.05956039278391945,0.027759963216080763,-0.2172462634773869,0.0611868749226131,0.09657925163738701,3.0823056793969847,0.2389843233969846,0.21430700860301544
J17578+465,269.46226112887,46.59121608783,3443.832816582915,12.270872582914762,37.74900341708508,4.838358250753768,0.06459144675376827,0.023341381246231308,-0.0071141057788944,0.09180693062110559,0.0294172218588943,2.791111595477387,0.12460185947738678,0.20982507652261306
J18027+375,270.69372437929,37.51241783764,3171.425666834171,28.8405108341708,29.17206916582927,5.009591090954774,0.07448723095477394,0.05819921304522602,0.0453606055276381,0.1476257643276381,0.1393048452723619,1.604721827638191,0.07940445963819087,0.6718974203618089
J18051-030,271.2841138366,-3.03279800184,3746.210607035176,42.27837503517594,20.492928964823932,4.7248232040201,0.03935324402010032,0.04806933997990015,-0.1958305948241206,0.05462735637587937,0.0959172084241206,2.7172536326633168,0.18798858866331658,0.31981680733668316
J18165+048,274.1307229211,4.88119323582,3182.9418030150755,23.55164301507557,27.09020898492463,4.993491577889447,0.08452466988944707,0.035627686110553114,0.0607822443718592,0.1402170526118591,0.1062907512281408,2.029128246231156,0.24255579423115603,0.32983867776884424
J18174+483,274.35438468965,48.36752952248,3564.483833668342,29.518977668341904,29.424810331658136,4.7396023301507535,0.027226814150753675,0.05531422984924639,0.1002196539698492,0.05427572356984921,0.029046137630150695,6.055963088944724,0.47782698894472375,0.13471611105527614
J18180+387E,274.51553741438,38.77115776696,3493.284390954774,43.286250954774005,13.01003304522601,4.83281303718593,0.02658057718592932,0.07374904281406991,-0.2052193988040201,0.1286227523959799,0.0514896656040201,2.2600722708542715,0.2392228908542715,0.26010222914572845
J18189+661,274.74325647947,66.19061665488,3087.106166,15.16876400000001,26.934370999999828,4.903813,0.02817400000000081,0.053720999999999464,-0.030517,0.05374999999999999,0.123576,17.86903,0.3870100000000001,0.35324600000000217
J18198-019,274.96183629691,-1.9386127598,4282.862736683417,74.13608868341726,29.33123931658338,4.67595604321608,0.04500198721607962,0.020540100783920323,-0.0567035819597989,0.12846475844020108,0.0762964088397988,2.4437261236180907,0.5499163316180906,0.5320799603819091
J18221+063,275.52249410602,6.34426682021,3583.458448241206,30.119420241205717,37.56111175879414,4.756287433165829,0.02843075316582855,0.0903567388341715,-0.1063616675879396,0.15050550121206038,0.07325372370793962,1.5223785773869347,0.04139113738693467,0.33706014261306527
J18224+620,275.60383795841,62.04499387477,3186.778376884422,24.208872884421908,30.12078311557798,4.9970174904522615,0.06829557045226142,0.06767546954773884,0.0579657934673367,0.1761873658673367,0.1252709373326633,2.384032455276382,0.21978649927638205,0.37424457272361833
J18319+406,277.99268627291,40.68822682125,3427.483166331658,24.60853833165811,26.37047366834213,4.847624859798995,0.056999287798995546,0.03387619620100413,-0.0435234489949748,0.1055621022050252,0.0414287017069748,2.5908891844221102,0.16664254442211046,0.26432000757788954
J18346+401,278.65305180918,40.12307795292,3430.192816080402,22.94978408040197,34.59681591959816,4.779552033668342,0.03576541366834185,0.047488126331657554,0.0834500123115578,0.0674515714315578,0.0371304734884422,2.033771015075377,0.20092754707537708,0.32766623292462294
J18353+457,278.82950726264,45.7456542121,4063.2865110552766,54.699351055276566,54.11188894472343,4.668919871356784,0.03630583135678389,0.024358196643215813,-0.0225467336683417,0.0693890131316583,0.1147710190283417,2.171221118090452,0.483960198090452,0.489006641909548
J18363+136,279.08095248216,13.60856519951,3260.755633668342,14.311057668341618,30.847270331658365,4.930556356783919,0.034382916783918915,0.07760482721608142,-0.0323008117085427,0.2341714106914573,0.0636632998285427,4.450797824120603,0.35163930412060385,0.23186293587939666
J18409-133,280.23835156458,-13.38259300495,3804.332944723618,25.062728723617965,57.16327127638215,4.69040712361809,0.03654782761809017,0.011737196381909953,0.0614930844221105,0.0348762436221105,0.05973594077788939,2.845774925125628,0.14836682112562816,0.4510537748743717
J18419+318,280.49441133941,31.83052644423,3523.163850753769,41.541966753768975,20.63192124623083,4.790876491457286,0.02470505145728641,0.07686871654271421,-0.1230236749497487,0.12229863825025131,0.04317438894974869,2.2973677226130653,0.17722621861306553,0.25959192538693454
J18427+596N,280.68307083523,59.63835790775,3640.4571487437183,32.227380743718186,32.0389152562816,4.750923549246231,0.02367238124623139,0.07235884275376936,-0.2488691443417085,0.12630956925829148,0.07862134114170852,1.5544363869346731,0.06367575093467304,0.48031565306532675
J18427+596S,280.68308624583,59.63514545482,3537.976495477387,42.91154347738666,20.028760522613084,4.798124742713568,0.02042439471356783,0.07706047728643206,-0.2038660303266331,0.1313932888733668,0.05715932552663311,2.079144363316583,0.197579323316583,0.2712265886834171
J18480-145,282.00420159431,-14.58194288915,3527.601311557789,43.776871557789036,13.677700442211062,4.78833261557789,0.020579515577889396,0.07769109242211059,-0.150268938643216,0.09517169455678401,0.057261428843216,2.5299298869346734,0.17827377493467322,0.21968553306532668
J18482+076,282.07475874496,7.69032389481,3061.4995628140705,22.762378814070416,23.157065185929696,5.049896033668341,0.07523129766834113,0.04151088633165845,0.1268733118090453,0.1752985731690453,0.0702033121909546,4.9386785432160805,0.4587849592160804,0.17453601678391983
J18498-238,282.45878901752,-23.83709744873,3192.012890452261,21.2831104522611,16.774557547738823,4.968932586432161,0.02276175843216155,0.06162691756783811,-0.2409901525025125,0.3724678074974875,0.11644738650251249,6.721331157788945,0.32230442178894503,0.37276020221105544
J18580+059,284.4996904022,5.90269748286,4009.491584422111,59.41349242211072,41.83026357788913,4.669453563819095,0.035545187819095325,0.02571728818090513,0.0644958644221105,0.0988729261021105,0.0545413882978895,2.5603517055276384,0.37224613752763824,0.3916572104723617
J19070+208,286.7709107523,20.88648751788,3638.844824623116,43.76414462311595,19.01379937688398,4.802982391959799,0.03125143195979874,0.06735788004020105,-0.3364005734673367,0.1799710945326633,0.05137607346733669,1.541214872361809,0.04595552836180916,0.47041723563819104
J19072+208,286.80272964028,20.87553840148,3643.390375376885,46.83263537688481,16.688640623115134,4.795614405025126,0.03431814102512565,0.06366759497487351,-0.3197543510050251,0.1664732101949749,0.05403705260502517,1.895133723115578,0.39421529511557796,0.2173429008844221
J19084+322,287.12364061757,32.28000653138,3449.914276884422,29.804000884422294,22.208535115577888,4.8159149045226135,0.031107488522613025,0.05824381947738644,-0.1376285014321608,0.0921633673678392,0.0677091826321609,2.52041826080402,0.23790351680401978,0.2309428751959799
J19098+176,287.45898037907,17.66656000356,3211.484869346734,15.9086533467339,38.68285065326609,4.9759549547738695,0.06832466277386917,0.03568464522613102,0.0317417585427135,0.1326338549427134,0.09913931545728649,2.17316700201005,0.37133706201005023,0.17018428998994972
J19169+051N,289.22765150362,5.16297630267,3650.932498994975,42.023470994975014,9.388877005024824,4.723376140703517,0.02451441670351695,0.05110663529648285,-0.0113639588442211,0.0810597795557788,0.0486216309242211,2.397433209045226,0.18886164104522596,0.2842097109547739
J19216+208,290.40673458165,20.86110512807,3211.3501271356786,9.863983135678609,30.473992864321644,4.966265789447236,0.06062639344723664,0.031000982552764178,-0.008980964723618,0.10652462367638199,0.09492005952361801,2.572297825628141,0.2647779576281408,0.20652515037185903
J19251+283,291.28639756565,28.35551122465,3417.3475407035176,22.62910070351745,34.22357129648253,4.860215116582914,0.06516938058291455,0.024991467417085467,0.0065144812562814,0.1171362800562813,0.0373301059437186,2.396394909045226,0.18180161304522624,0.28602945895477383
J19346+045,293.6683376962,4.58389635555,4212.089051758794,79.40352375879411,35.236988241205836,4.6828455396984925,0.04289302769849268,0.02468732430150755,-0.2571503583919599,0.044202352808040135,0.16907685839195988,2.529034495477387,0.8434752594773869,0.2884433845226133
J19511+464,297.79001858505,46.48457360659,3172.834290452261,15.572890452261163,20.75191754773914,4.880040010050252,0.03249257005025186,0.040534037949747415,0.0011480439698492,0.0543153452498491,0.0950502076301508,25.940751015075374,0.5195934150753736,0.6249815849246261
J20260+585,306.52431726019,58.57537971546,3172.6035743718594,34.459086371859485,15.664337628140856,5.0160304080402005,0.08648877604020022,0.03835305595979932,0.060681832160804,0.1177602282008039,0.108165043439196,2.0725569924623115,0.33056340846231147,0.3697643195376883
J20305+654,307.63826397516,65.4508181344,3439.178990452261,7.173318452261356,49.77146954773889,4.849843296984925,0.0707050369849247,0.01583075101507525,-0.1661016829547738,0.038889671445226204,0.0897997195147738,3.288177190954774,0.21776694695477383,0.20088674504522608
J20336+617,308.42304973521,61.75782450249,3417.5636633165827,27.533315316582957,40.52210068341719,4.845580386934674,0.06834916293467419,0.022486381065325745,0.0780581778643216,0.08718404622432151,0.05755458813567839,2.1498457311557786,0.1696854071557785,0.3096459488442216
J20405+154,310.14718809392,15.5025901982,3197.8229452261307,26.600257226130452,16.014046773869268,4.956070909045226,0.03295238904522613,0.0750330189547741,0.0332263748743718,0.1188350668743718,0.0820126371256282,2.766831361809045,0.19764958180904513,0.3067845781909546
J20450+444,311.26978468219,44.5002726684,3650.476663316583,43.582091316583046,12.263404683416866,4.735444984924623,0.022610552924622773,0.07349185507537737,-0.2059499300452261,0.050933872354773924,0.0927252608452261,2.6192847165829147,0.26531832458291493,0.17955259941708546
J20525-169,313.13613275965,-16.97455846821,3253.019133165829,13.819913165828893,38.484970834171236,4.954933957788945,0.06368802578894428,0.02635136221105494,-0.0245237225125627,0.1204002370874372,0.0770325443125626,2.6904724045226134,0.24309830052261328,0.16617929147738675
J20533+621,313.3324563031,62.1509577015,3849.203684422111,29.03433642211121,65.91175957788892,4.683313433668341,0.032606361668340966,0.019676086331658738,0.0379315357788944,0.0405713859188943,0.06695400822110559,2.836951174874372,0.25155712287437204,0.41986103312562806
J20556-140S,313.91115663902,-14.06734311348,3247.470090452261,11.381434452261146,51.03107354773874,4.969202382914573,0.056384310914572744,0.04832053708542716,-0.0065722426130653,0.1673703857869346,0.0969201834130652,2.4873835,0.35806067200000014,0.1848193359999999
J20567-104,314.19398627475,-10.45353848149,3603.4390120603016,38.39367206030147,14.114355939698271,4.736610902512563,0.027225910512562734,0.055929993487436214,0.0205311345728643,0.0765419794928643,0.0379421367471357,2.5341078412060303,0.13810240120603012,0.27476225879396976
J21019-063,315.49330858499,-6.3207082126,3609.380809547739,40.97450554773877,11.055374452261276,4.736211801507538,0.02438692150753763,0.06009524649246245,-0.0109029036180904,0.0797318930219096,0.0494977309380904,2.619986510050251,0.1305428460502509,0.2630467459497492
J21152+257,318.80314939305,25.79478549462,3707.2920778894472,18.70732988944701,49.547170110553,4.684138763819095,0.02245309181909505,0.02994413618090519,0.199237294562814,0.04374116616281401,0.05401643503718598,2.7288886924623115,0.11701728446231163,0.49474825953768864
J21164+025,319.11478572844,2.58076550352,3535.407643718593,40.43501571859315,15.674292281406906,4.76027815678392,0.027316272783919793,0.06153945121608029,-0.0076680981407035,0.10083879705929649,0.0389419406607035,2.425069928643216,0.1347367886432158,0.24503103935678405
J21221+229,320.52669933337,22.93195139794,3844.942127135678,54.044391135678325,32.30932086432176,4.702904236180904,0.04517499618090426,0.021154511819095667,-0.1617055595979899,0.06075131360201008,0.10538410159798992,3.046764334170854,0.28283137417085413,0.32829520182914607
J21348+515,323.71302482043,51.53850250356,3684.400089447236,47.95701344723602,14.952390552763973,4.720910069346734,0.02594266534673384,0.051584610653265806,-0.0738284661306532,0.09999709826934679,0.0773503919066531,2.001335118592965,0.360752094592965,0.2895287494070353
J21463+382,326.59288194186,38.21751708114,3467.2832185929647,34.0128105929648,35.85868140703542,4.842538225628141,0.022033617628141045,0.0795993823718586,-0.0771024522613065,0.14671348173869347,0.05668539522130651,2.1370578798994977,0.16570424789949767,0.30252092010050236
J21466+668,326.67209809426,66.80387671285,3355.204983919598,27.23036791959794,28.17539608040215,4.886009954271357,0.06555631427135644,0.016096805728643915,0.0581039197688442,0.1509899965688442,0.015684057431155793,2.040013802512563,0.3420985985125631,0.3151847894874371
J21466-001,326.67184811882,-0.17551733751,3345.386298994975,25.26233899497447,26.730709005025346,4.89397540201005,0.060797934010050625,0.01997475798994941,0.0352154440703517,0.1736092096703517,0.016141038329648298,1.990590924120603,0.4630442281206031,0.27357817587939715
J22012+283,330.30656607858,28.3071089204,3141.6403572864324,52.605985286432315,112.31749071356762,5.001114416080402,0.11039126808040223,0.11361584791959789,-0.0279243115577889,0.2597296136422111,0.1755389187577889,38.38917618090453,5.208562180904529,1.6178856590954709
J22020-194,330.50768974078,-19.48278216213,3417.8363492462317,23.26254124623165,32.68671075376824,4.811365512562814,0.018053808562814133,0.06950639543718573,-0.0187526032160803,0.1310299767839197,0.0428240258160803,2.1649313728643214,0.1808547408643213,0.29424957513567884
J22021+014,330.54080176554,1.39899237701,3984.0337557788944,55.22509177889424,43.68630822110572,4.671332376381909,0.03103355238190897,0.028100531618091118,0.0320624838190954,0.0674596420590953,0.0739400125809046,2.777380231155779,0.27661050315577906,0.45808917684422124
J22057+656,331.43562055378,65.64969504231,3763.929503517588,35.46814351758803,32.50710448241216,4.710871881407035,0.03782992140703545,0.0296334625929644,-0.1116767419346733,0.055850647265326694,0.09125177225467329,2.765800903517588,0.15503106351758777,0.34955147248241225
J22096-046,332.42315156605,-4.64083481516,3535.573350251256,36.08282625125594,20.552193748743775,4.749409889447236,0.02653808944723579,0.05862445855276377,0.0463298194472361,0.066254775367236,0.028503923112763903,2.385518311557789,0.14943941955778905,0.26943319244221087
J22115+184,332.87693362038,18.42699856556,3729.190820100503,47.70065210050325,14.576683899496857,4.685638537688442,0.020696681688441743,0.030504402311557932,0.0993049097989949,0.03705358203899489,0.047107614201005094,2.964291893467337,0.0933167414673366,0.4531937425326631
J22125+085,333.1502482523,8.55024242894,3529.400782914573,41.97877091457303,19.617929085427022,4.780853506030151,0.027429414030150312,0.07548096596984966,-0.1215903903015075,0.1255902268984925,0.04835712070150751,2.185741581909548,0.19671776990954792,0.24684958209045238
J22137-176,333.43259243982,-17.68710496885,3253.521468844221,12.430104844221205,46.2795071557789,4.934741577889447,0.028011161889447855,0.06055038211055219,-0.0051885547236181,0.1217297984763819,0.09976854056361799,2.701053300502513,0.24381826050251298,0.16869555149748683
J22252+594,336.32217871078,59.41245983212,3414.8565125628143,23.62564456281416,36.932843437185966,4.852314393467337,0.07452178946733667,0.021758134532663398,0.0653093869849246,0.0920769538649245,0.028701820215075308,2.411031590954774,0.1383809029547738,0.255193233045226
J22298+414,337.46118352864,41.48216136441,3361.2928864321607,24.03204243216078,32.312197567839576,4.8970354150753765,0.062462631075375974,0.022954304924623692,0.0709517281407035,0.1851540485407035,0.023390926259296507,1.9414817060301508,0.40942141403015064,0.34461671796984916
J22330+093,338.26170115163,9.37860496034,3803.7582080402008,44.57328404020063,30.012343959799182,4.710257736683417,0.045800576683416416,0.024890967316583357,-0.161900446080402,0.05427378511959802,0.097795254480402,2.808715969346734,0.2742610493467339,0.258217590653266
J22503-070,342.58045730563,-7.08964409656,3969.1495648241207,57.82499682412072,39.845967175879196,4.679188814070352,0.03500284607035198,0.02423983792964801,0.0089706189447236,0.0868667634247236,0.0670197622552763,2.7428829904522614,0.24710535045226134,0.4527607335477386
J22518+317,342.9758008164,31.75400550315,3370.906492462312,13.93665246231194,59.623691537688046,4.797123276381909,0.025026716381908898,0.04630512361809025,0.1312482641708543,0.11107676181085431,0.03409034942914568,16.558154432160805,0.24945027216080362,0.5560959678391946
J22532-142,343.32411100184,-14.26668939352,3353.0586442211056,26.465968221105413,27.81961177889434,4.877962098994975,0.06398017899497521,0.014190709005024615,0.0567656932160804,0.1326159484160804,0.014309176383919604,2.1780425708542714,0.19566848685427152,0.25757831714572843
J22559+178,343.99947178423,17.81056564096,3853.175868341708,30.94351634170789,64.03311565829199,4.677128491959799,0.028544439959798495,0.023256932040201406,0.0459904697989949,0.022135605318994896,0.08034545900100509,2.956469809045226,0.16709355704522588,0.481420322954774
J22565+165,344.14022173121,16.55216937228,3812.564475376884,26.87811137688368,59.82252462311635,4.680788492462312,0.029150332462312356,0.019831315537687466,0.0816275193467336,0.026291916666733597,0.0663255550532664,2.879960011557789,0.10686502355778904,0.5130559244422108
J23113+085,,,3409.413948241206,22.105640241205947,33.216179758793714,4.838099924623116,0.049865664623116146,0.03545379537688298,0.0046355176884422,0.11707833608844209,0.0315257800315578,2.392214557788945,0.1905695417889448,0.2906335622110552
J23216+172,350.40353663497,17.28424239876,3407.2948301507536,24.477922150753784,42.39532184924656,4.854154698492462,0.07160908649246256,0.02338727750753744,0.0736716204723618,0.0785495299923617,0.05607460672763821,2.248121449246231,0.13534218124623099,0.296381034753769
J23245+578,351.1266282815,57.85305705753,3837.945045728643,28.596893728642954,58.9373062713571,4.67780114522613,0.026399065226129892,0.02282237477386939,0.101733940361809,0.039718508881808993,0.071672927638191,2.9069280984924624,0.10983429849246251,0.4895648895075375
J23340+001,353.50947982974,0.17524273262,3729.9493442211055,31.23692022110572,37.95948777889453,4.728870244221105,0.036007700221105665,0.050697491778895376,-0.2232729572261306,0.06591941357386938,0.1004342608261306,1.5991816778894472,0.09943314188944719,0.4472027501105529
J23381-162,354.53268726382,-16.23651363027,3602.8059608040203,42.77126080402013,16.744043195979884,4.77454451758794,0.02527690158794016,0.07464367841205988,-0.2675593740703518,0.08712397152964818,0.09521607567035179,2.276483069346733,0.2522264693467329,0.16929707465326693
J23419+441,355.48001525816,44.17037570075,3131.297464321608,34.193424321607836,13.89142767839212,5.046709824120603,0.09120148812060247,0.06549343587939749,0.0943497065326633,0.11124532429266319,0.1239167238673367,2.3972383623115574,0.6418317863115575,0.2253728616884425
J23431+365,355.78150915638,36.53631037729,3205.2306809045226,19.20256890452265,22.4606750954772,4.961845931155779,0.03598284715577904,0.07048596884422054,-0.0523335927638191,0.1320983340361808,0.1236114207638191,3.892240909547739,0.430914309547739,0.14896475445226143
J23492+024,357.30660382313,2.3969179442,3911.7790452261306,60.689549226130566,21.30716277386955,4.74739078040201,0.07014036040200988,0.037660339597989534,-0.4282035392964824,0.11634116070351758,0.10809990129648239,1.5000401693467336,0.08287130534673359,0.3064516986532664
J23505-095,357.63470522772,-9.56096439189,3310.2406361809044,27.3779641809042,30.702099819095565,4.89459032160804,0.060221141608039375,0.020711438391959547,0.0860300521809045,0.1397750063409045,0.018978558179095398,2.3633759276381907,0.24835951963819092,0.2452424203618091
J23556-061,358.91361665432,-6.14428302714,3661.804941708543,18.305773708543256,48.937618291457056,4.694567914572864,0.012221394572863531,0.052600349427136095,0.1073678315075376,0.0339280593075376,0.06393305129246239,2.9833274954773867,0.11442879147738694,0.4395347525226132
J23585+076,359.63641970584,7.65694708118,3506.5684457286434,23.481449728643383,39.94115427135648,4.8662973809045225,0.0637734769045224,0.02973887109547757,-0.0987505471356783,0.062280346464321706,0.1036229972996782,3.330735625125628,0.1991840771256279,0.19550646287437212
