KARMN,TEFF_VERA,TEFF_MODE,TEFF_STD,TEFF_Q16,TEFF_Q84,LOGG_VERA,LOGG_MODE,LOGG_STD,LOGG_Q16,LOGG_Q84,ZETA_VERA,ZETA_MODE,ZETA_STD,ZETA_Q16,ZETA_Q84,VSINI_VERA,VSINI_MODE,VSINI_STD,VSINI_Q16,VSINI_Q84
J00051+457,3726.0,3732.45,46.1931,3702.9,3796.3,4.7,4.64,0.0474002,4.61643,4.71544,0.16,0.2,0.0774563,0.115944,0.263032,1.5,4.27,1.26236,3.20153,5.95913
J00067-075,3023.0,2947.2,93.8227,2862.54,3063.77,5.05,5.13,0.135493,4.90579,5.18309,-0.08,0.3,0.2769,-0.142328,0.445734,1.5,4.82,3.0422,2.05432,8.02149
J00162+198E,3261.0,3343.43,64.7862,3260.59,3400.1,4.86,4.8,0.106837,4.69724,4.93492,0.08,0.28,0.166431,0.0208256,0.370715,1.5,4.32,2.15649,2.73651,7.07843
J00183+440,3601.0,3674.95,44.5421,3637.02,3736.29,4.78,4.71,0.0569966,4.64685,4.75991,-0.16,0.03,0.0760701,-0.0414621,0.115289,1.5,3.56,1.28253,2.59813,5.28033
J00184+440,3256.0,3226.01,53.5469,3179.48,3291.51,4.97,4.96,0.103659,4.86513,5.07387,-0.13,0.05,0.144737,-0.150354,0.159182,1.5,5.53,2.00233,2.91839,7.15783
J00286-066,3321.0,3441.7,59.7692,3389.13,3517.93,4.83,4.74,0.0899925,4.65333,4.84674,0.09,0.26,0.139164,0.0450094,0.330101,1.5,4.76,1.8652,2.75592,6.63788
J00389+306,3482.0,3587.23,45.4164,3546.17,3645.06,4.79,4.73,0.0667294,4.65398,4.79001,-0.05,0.14,0.0887771,0.0175519,0.202623,1.5,4.23,1.32944,2.72597,5.55183
J00570+450,3400.0,3409.33,47.652,3348.76,3452.11,4.85,4.81,0.0907825,4.74356,4.93417,-0.01,0.18,0.101281,0.0369976,0.24449,1.5,4.77,1.56147,2.82573,6.21742
J01013+613,3499.0,3535.22,39.0582,3501.1,3580.7,4.8,4.78,0.0787255,4.70703,4.87587,-0.1,0.12,0.0910706,0.00370525,0.186259,1.5,4.25,1.35516,2.65145,5.45262
J01025+716,3419.0,3661.18,58.7192,3611.91,3739.49,4.8,4.65,0.0608934,4.60509,4.72962,0.02,0.29,0.102963,0.138423,0.350774,1.5,4.14,1.52926,2.84349,6.04802
J01026+623,3792.0,3685.46,43.7657,3651.8,3741.06,4.68,4.65,0.0511703,4.62015,4.72771,0.36,0.23,0.0890484,0.107326,0.298781,1.5,4.55,1.3273,3.55569,6.42906
J01048-181,3156.0,3024.95,82.7494,2952.5,3119.43,4.93,5.03,0.130813,4.84461,5.12271,0.07,0.4,0.254512,-0.0433717,0.486268,1.5,4.62,3.07775,1.99826,7.93877
J01125-169,3125.0,3075.98,61.6025,3023.07,3142.7,5.03,5.05,0.100645,4.95261,5.16034,-0.14,0.12,0.200141,-0.195814,0.219297,1.5,6.16,2.14343,3.82219,8.04935
J01339-176,3324.0,3267.97,44.9607,3211.82,3304.31,4.91,4.95,0.0867622,4.85498,5.03631,-0.09,0.14,0.141237,-0.0696169,0.212675,1.5,5.47,1.60566,4.25757,7.57818
J01433+043,3484.0,3538.27,43.2352,3500.54,3593.61,4.8,4.76,0.0746583,4.68708,4.83668,-0.06,0.12,0.0835497,0.00480103,0.174976,1.5,4.31,1.35977,2.81829,5.70246
J01518+644,3483.0,3580.83,42.3053,3538.32,3627.74,4.74,4.7,0.0675403,4.65243,4.78836,-0.12,0.21,0.0888512,0.0834643,0.263311,1.5,4.3,1.36949,3.02593,5.92144
J02002+130,3160.0,3080.59,62.571,3020.58,3140.19,5.01,5.06,0.0981011,4.96628,5.16781,-0.16,0.15,0.19703,-0.16438,0.2509,1.5,6.51,2.08372,4.46432,8.54452
J02015+637,3438.0,3514.79,47.448,3467.63,3570.09,4.8,4.74,0.0798368,4.65634,4.81586,-0.02,0.21,0.101034,0.0657901,0.270984,1.5,3.88,1.49236,2.74919,5.87693
J02070+496,3391.0,3394.24,42.5258,3343.53,3432.63,4.88,4.87,0.0899059,4.8019,4.99608,-0.07,0.11,0.121347,-0.0614892,0.176067,1.5,5.29,1.49264,3.15669,6.33543
J02088+494,3248.0,3309.83,24.4752,3283.1,3332.76,4.82,4.86,0.0688696,4.77369,4.91353,-0.24,0.41,0.118421,0.237053,0.490518,24.1,26.36,1.5854,25.1176,28.3659
J02123+035,3604.0,3980.82,76.8133,3913.37,4080.75,4.73,4.6,0.0491122,4.55409,4.65611,0.0,0.1,0.0986864,-0.025102,0.187265,1.5,3.36,1.67435,2.18905,5.64794
J02222+478,3901.0,3905.77,57.0683,3861.85,3976.19,4.65,4.61,0.0405938,4.57893,4.66017,0.28,0.21,0.0956863,0.0663104,0.281475,1.5,4.47,1.45881,3.42971,6.54543
J02336+249,3244.0,3182.81,49.7324,3122.27,3218.8,4.94,5.01,0.0882675,4.91166,5.09722,-0.06,0.18,0.15687,-0.0673647,0.248334,3.0,6.87,1.82365,5.5396,9.23529
J02358+202,3513.0,3650.59,47.1826,3611.04,3708.58,4.74,4.65,0.0589171,4.62255,4.74444,-0.15,0.23,0.0917744,0.095491,0.289594,1.5,3.86,1.36137,2.87633,5.79956
J02362+068,3257.0,3360.6,63.8113,3305.41,3444.35,4.86,4.79,0.0995501,4.69156,4.91137,0.09,0.27,0.153403,0.0334647,0.350598,1.5,4.53,2.04115,2.90989,7.0687
J02442+255,3424.0,3441.97,46.7582,3399.36,3499.25,4.84,4.79,0.0877229,4.72741,4.90757,-0.03,0.13,0.0957733,-0.014977,0.186891,1.5,4.36,1.47377,2.72305,5.88128
J02519+224,3260.0,3266.45,25.5721,3238.09,3285.35,4.78,4.79,0.0583418,4.74271,4.86725,-0.05,0.4,0.102458,0.274126,0.466418,27.2,28.94,1.46667,27.5554,30.5447
J02565+554W,3875.0,4032.09,78.3235,3970.2,4123.85,4.64,4.58,0.0489516,4.5283,4.6255,0.42,0.27,0.115863,0.0921811,0.360998,1.5,4.81,1.91187,3.05844,7.10681
J03133+047,3130.0,3056.43,74.931,2989.82,3139.86,4.93,4.98,0.134498,4.79024,5.07028,0.13,0.39,0.236243,-0.00250074,0.48527,1.5,4.72,3.06206,2.16975,8.17481
J03181+382,3847.0,3809.45,56.0288,3762.79,3872.81,4.64,4.61,0.0470782,4.57791,4.66864,0.44,0.28,0.105079,0.133493,0.374158,1.5,4.4,1.54392,3.21997,6.50763
J03213+799,3519.0,3613.1,43.7326,3572.75,3667.7,4.8,4.71,0.0641486,4.65095,4.77962,-0.12,0.13,0.0797131,0.0314609,0.193313,1.5,4.1,1.29346,2.78628,5.49313
J03217-066,3520.0,3567.43,39.7604,3539.41,3620.76,4.83,4.71,0.0677178,4.67345,4.81397,-0.1,0.2,0.0895627,0.0892119,0.264283,1.5,4.67,1.26771,3.39213,6.09556
J03463+262,3975.0,3926.19,57.7326,3878.18,3993.35,4.66,4.63,0.0394824,4.58709,4.66462,0.34,0.2,0.100766,0.0827215,0.30687,3.3,5.29,1.46836,3.97366,7.10892
J03473-019,3364.0,3429.6,26.9651,3405.58,3459.0,4.87,4.86,0.0770332,4.80479,4.97573,-0.17,0.17,0.142554,-0.0185413,0.268349,5.2,9.25,1.37826,8.25577,10.9622
J03531+625,3433.0,3547.73,49.3917,3508.05,3615.69,4.81,4.75,0.0769462,4.68438,4.84454,-0.02,0.13,0.102329,-0.0174272,0.194438,1.5,4.05,1.42565,2.64568,5.60192
J04153-076,3207.0,3347.84,44.6463,3297.16,3391.65,5.12,4.87,0.0988904,4.79852,5.01979,-0.06,0.25,0.19316,-0.0443377,0.34525,2.1,7.91,1.6565,6.46973,9.75581
J04225+105,3401.0,3450.96,51.7518,3401.84,3514.11,4.83,4.71,0.0811412,4.62829,4.78991,0.04,0.31,0.109906,0.143975,0.367837,1.5,4.17,1.69489,2.82629,6.41257
J04290+219,4173.0,4185.51,75.8689,4103.82,4254.01,4.63,4.6,0.0466899,4.54115,4.63523,0.41,0.15,0.134153,-0.00292973,0.302742,3.9,6.01,1.91926,3.95023,8.039
J04311+589,3277.0,3275.83,53.5717,3200.03,3315.24,4.86,4.8,0.111402,4.69122,4.92465,0.06,0.26,0.144543,0.0462927,0.321835,,4.19,2.19036,2.57275,7.19801
J04376+528,4021.0,4069.75,59.984,4010.9,4131.43,4.64,4.63,0.0358551,4.58536,4.65875,0.18,0.1,0.100042,-0.0207329,0.206092,3.4,4.72,1.41264,3.84479,6.82705
J04376-110,3570.0,3623.15,42.6683,3586.03,3677.3,4.78,4.71,0.0617318,4.64677,4.77262,-0.01,0.16,0.083686,0.0409986,0.213722,1.5,3.85,1.32785,2.70975,5.48811
J04429+189,3520.0,3630.1,43.9178,3590.61,3684.76,4.79,4.68,0.0597546,4.62915,4.75135,-0.08,0.2,0.0828325,0.0827157,0.255076,1.5,4.09,1.34709,2.7767,5.66829
J04429+214,3385.0,3397.99,52.3289,3352.9,3466.07,4.83,4.79,0.0930803,4.71253,4.90041,0.0,0.21,0.118211,0.0347466,0.268159,1.5,4.82,1.66273,2.64511,6.22405
J04520+064,3339.0,3345.65,56.5932,3289.76,3413.59,4.85,4.79,0.0987035,4.69238,4.8958,0.02,0.25,0.12357,0.0741541,0.318342,1.5,4.83,1.85555,2.67932,6.68897
J04538-177,3532.0,3632.42,43.7113,3591.42,3688.05,4.78,4.72,0.0615838,4.65783,4.78486,-0.07,0.08,0.0832904,-0.0219275,0.148859,1.5,3.54,1.28875,2.65064,5.36928
J04588+498,3995.0,3959.8,60.8504,3907.38,4029.18,4.64,4.63,0.0401841,4.57924,4.65843,0.31,0.23,0.103895,0.0905626,0.323719,1.5,5.29,1.53669,4.22306,7.47492
J05019+011,3210.0,3260.95,33.2593,3226.8,3294.94,4.78,4.89,0.0811975,4.83575,5.01624,-0.04,0.23,0.14407,0.0125742,0.305921,6.5,9.75,1.51655,8.39237,11.3184
J05019-069,3206.0,3135.4,57.3547,3083.65,3195.42,4.97,5.03,0.101274,4.92007,5.12456,-0.1,0.15,0.175905,-0.120112,0.233095,1.5,6.32,2.03704,3.60007,7.66886
J05033-173,3397.0,3391.26,48.0966,3333.23,3437.37,4.86,4.84,0.091144,4.76277,4.95237,-0.04,0.07,0.112887,-0.0957928,0.141125,1.5,5.2,1.59885,2.71213,6.14457
J05062+046,3180.0,3232.19,28.6169,3201.34,3250.29,4.77,4.8,0.0783728,4.71714,4.88335,0.01,0.49,0.104576,0.383988,0.579832,24.9,27.94,1.78064,25.8698,29.5679
J05127+196,3539.0,3601.92,40.3369,3567.89,3655.79,4.78,4.72,0.0641541,4.65216,4.78396,-0.09,0.11,0.0844638,-0.00700963,0.179217,1.5,3.72,1.30795,2.65336,5.42021
J05280+096,3332.0,3379.2,56.2743,3300.27,3423.59,4.86,4.84,0.0990207,4.75869,4.96461,-0.01,0.15,0.137952,-0.0761178,0.22068,1.5,5.21,1.83743,2.60948,6.56732
J05314-036,3865.0,3806.48,57.2126,3760.89,3870.95,4.64,4.61,0.0488926,4.57292,4.66452,0.46,0.28,0.115529,0.12476,0.387138,1.5,4.89,1.63254,3.49409,6.96654
J05337+019,3391.0,3412.92,25.2357,3400.79,3444.09,4.95,4.84,0.0694643,4.77215,4.91703,-0.26,0.18,0.123697,0.0495344,0.284542,9.8,13.81,1.41734,11.9913,14.896
J05348+138,3398.0,3377.72,49.8167,3328.94,3438.11,4.83,4.78,0.0911859,4.70703,4.89509,0.05,0.18,0.115755,0.0126743,0.247852,1.5,4.9,1.69328,2.71306,6.38526
J05360-076,3322.0,3321.2,54.6205,3251.75,3369.85,4.84,4.76,0.105859,4.65644,4.8763,0.08,0.28,0.134259,0.0931744,0.348225,1.5,4.33,2.14139,2.47042,6.94613
J05365+113,4046.0,4026.54,58.7389,3971.14,4095.46,4.67,4.63,0.0359535,4.59088,4.66151,0.27,0.11,0.107041,0.010983,0.256696,3.8,6.14,1.40423,4.84605,7.70672
J05366+112,3280.0,3239.98,42.2273,3188.62,3272.94,4.94,5.0,0.0849416,4.90517,5.089,-0.13,0.16,0.152835,-0.0879067,0.232114,2.4,6.81,1.56785,5.20872,8.43878
J05415+534,3845.0,3762.57,45.8961,3724.51,3816.9,4.63,4.64,0.0449806,4.61198,4.70658,0.28,0.22,0.0879571,0.102324,0.289003,1.5,4.88,1.3087,3.69569,6.54414
J05421+124,3257.0,3352.23,64.3633,3298.49,3439.19,4.88,4.8,0.103426,4.71023,4.9356,0.02,0.24,0.151212,0.00406179,0.323053,1.5,3.99,2.04844,2.79873,6.99191
J06000+027,3249.0,3202.03,40.5616,3146.92,3227.03,4.94,5.0,0.0817425,4.90537,5.07805,-0.07,0.12,0.165994,-0.13586,0.194438,4.9,9.05,1.77747,7.27188,10.8597
J06011+595,3289.0,3306.34,53.7754,3228.56,3343.8,4.76,4.86,0.103383,4.76492,4.98606,-0.03,0.18,0.132485,0.00655958,0.258586,1.5,4.53,1.95218,2.63497,6.8577
J06024+498,3104.0,3026.14,78.3818,2956.01,3115.02,4.98,5.06,0.125795,4.87052,5.13541,-0.03,0.33,0.242077,-0.0668572,0.443771,1.5,4.57,2.98708,2.08762,7.89291
J06103+821,3484.0,3553.62,43.5793,3518.86,3611.29,4.8,4.75,0.0749104,4.68643,4.83808,-0.06,0.14,0.0853848,0.0400081,0.210002,1.5,4.12,1.35843,2.69245,5.48756
J06105-218,3820.0,3798.27,51.5436,3759.55,3863.79,4.68,4.63,0.0439283,4.59474,4.68587,0.29,0.2,0.0911507,0.0660788,0.268426,1.5,4.35,1.35396,3.25555,6.18969
J06246+234,3205.0,3311.89,60.7804,3239.47,3376.07,4.95,4.9,0.104183,4.80988,5.03649,-0.05,0.18,0.160427,-0.0714987,0.260284,1.5,5.91,1.91218,3.07523,7.16259
J06371+175,3723.0,3918.24,50.5909,3872.84,3984.03,4.78,4.65,0.0402721,4.6128,4.69763,-0.3,-0.08,0.0782588,-0.147307,0.0183602,1.5,3.49,1.23801,2.45891,5.04171
J06396-210,3290.0,3260.81,48.5112,3205.24,3305.23,4.88,4.9,0.0990042,4.80497,5.00864,-0.02,0.13,0.139955,-0.0793155,0.204471,1.5,5.1,1.84116,3.33101,7.25943
J06421+035,3398.0,3456.81,50.944,3413.15,3523.6,4.81,4.77,0.0851988,4.69607,4.87396,0.03,0.18,0.107567,0.0255269,0.248404,1.5,4.54,1.57801,2.61083,5.93894
J06548+332,3415.0,3417.24,48.416,3373.58,3478.2,4.84,4.78,0.0890453,4.70527,4.88604,0.0,0.16,0.103283,0.00435938,0.216664,1.5,4.82,1.5983,2.59354,6.02932
J06574+740,3253.0,3293.69,25.7221,3269.49,3323.23,4.95,4.85,0.0648909,4.79092,4.92543,-0.1,0.26,0.122859,0.118412,0.362421,27.1,29.26,1.59275,28.006,31.3566
J06594+193,3023.0,2927.43,91.7232,2839.5,3034.29,4.99,5.06,0.147037,4.83713,5.14997,0.08,0.45,0.298878,-0.0517181,0.557849,1.5,4.76,3.35158,1.99954,8.47807
J07033+346,3253.0,3199.14,43.8841,3147.63,3234.88,4.95,5.01,0.0888083,4.89866,5.08555,-0.11,0.16,0.152813,-0.0674678,0.229124,1.5,6.8,1.70969,5.11287,8.62416
J07044+682,3421.0,3472.0,46.9613,3432.8,3534.31,4.81,4.75,0.0807983,4.67028,4.83475,-0.01,0.19,0.101687,0.0434643,0.2507,1.5,3.99,1.49205,2.74343,5.91453
J07274+052,3306.0,3371.4,59.944,3317.74,3448.38,4.86,4.8,0.0955349,4.70564,4.91247,0.01,0.23,0.141433,0.00907608,0.300546,1.5,4.69,1.91375,2.70331,6.70915
J07287-032,3412.0,3451.35,48.9957,3404.82,3510.84,4.81,4.77,0.0858102,4.68607,4.85971,0.0,0.17,0.102986,0.0186737,0.228566,1.5,4.56,1.57213,2.59548,5.9216
J07319+362N,3268.0,3277.72,44.2182,3238.46,3333.6,4.92,4.96,0.0864609,4.86333,5.05197,-0.03,0.19,0.166922,-0.0723511,0.274582,1.5,6.17,1.56213,4.95241,8.14605
J07353+548,3510.0,3542.76,44.6221,3504.34,3601.62,4.81,4.75,0.0748858,4.6702,4.82076,-0.06,0.12,0.0859089,0.0148731,0.185191,1.5,3.77,1.42178,2.80294,5.73068
J07361-031,3867.0,3758.17,36.5033,3726.75,3800.14,4.68,4.67,0.0422457,4.63711,4.72636,0.26,0.16,0.0960095,0.0624851,0.265331,3.1,6.46,1.35627,5.43866,8.35858
J07386-212,3393.0,3387.04,49.1734,3332.18,3442.33,4.84,4.83,0.0924555,4.75162,4.94164,-0.06,0.13,0.11457,-0.0425745,0.196514,1.5,4.3,1.62559,3.27275,6.82743
J07393+021,3987.0,4003.5,63.5387,3942.62,4068.26,4.63,4.61,0.0405982,4.56776,4.64765,0.28,0.18,0.100973,0.0562614,0.283917,1.5,5.15,1.56602,3.74018,7.0746
J07472+503,3264.0,3204.26,31.1266,3179.6,3237.36,4.94,4.91,0.0833803,4.84401,5.02399,-0.08,0.21,0.133151,0.0205989,0.296844,10.1,12.62,1.58808,11.2873,14.6745
J07558+833,3225.0,3176.92,28.678,3151.52,3199.08,4.96,4.94,0.0795303,4.87197,5.04393,-0.05,0.16,0.155443,-0.0768036,0.255019,12.1,15.15,1.53008,13.267,16.5238
J07582+413,3310.0,3300.56,53.7703,3229.99,3344.43,4.86,4.82,0.104887,4.72809,4.94714,0.01,0.18,0.130662,0.00426666,0.265247,1.5,5.01,2.06086,2.55662,6.97011
J08119+087,3179.0,3321.76,57.1904,3254.09,3381.73,5.0,4.92,0.0957496,4.82321,5.03129,-0.14,0.13,0.159539,-0.121392,0.207807,1.5,5.72,1.77946,3.66634,7.46891
J08126-215,3268.0,3256.21,53.52,3190.99,3304.12,4.87,4.79,0.108864,4.68778,4.92013,0.05,0.24,0.153524,0.0202572,0.322105,1.5,4.41,2.32427,2.72537,7.54853
J08161+013,3534.0,3642.15,44.2322,3603.0,3700.98,4.77,4.7,0.0611139,4.6467,4.7703,-0.03,0.13,0.0804754,0.0276685,0.19343,1.5,3.85,1.27938,2.59324,5.33243
J08293+039,3505.0,3606.34,41.9474,3568.02,3656.38,4.74,4.69,0.0623864,4.6352,4.76255,-0.12,0.22,0.0885735,0.0883584,0.279564,1.5,4.38,1.35081,2.94802,5.85944
J08315+730,3296.0,3414.05,61.9875,3361.14,3495.67,4.85,4.77,0.0939551,4.67554,4.87895,0.05,0.25,0.140772,0.0308798,0.320742,1.5,4.17,1.92504,2.77745,6.76909
J08358+680,3424.0,3448.26,42.5247,3400.79,3491.61,4.84,4.81,0.081608,4.74903,4.91967,-0.08,0.13,0.0965967,-0.0187612,0.182878,1.5,4.52,1.38616,3.06822,6.00929
J08402+314,3328.0,3367.95,54.3224,3295.04,3412.55,4.85,4.82,0.0991791,4.74862,4.9549,0.01,0.19,0.12361,0.00945366,0.256524,1.5,4.01,1.79317,2.6009,6.4682
J08409-234,3363.0,3407.86,53.8868,3360.84,3476.97,4.82,4.74,0.0891329,4.67018,4.85432,0.06,0.26,0.12193,0.0841259,0.33252,,4.39,1.74637,2.56699,6.26903
J08413+594,3042.0,2937.59,88.7804,2853.81,3041.0,5.02,5.11,0.134624,4.88973,5.16275,-0.02,0.36,0.294299,-0.140425,0.475348,1.5,5.33,2.95631,2.556,8.39987
J08526+283,3260.0,3221.65,59.0615,3153.4,3275.96,4.88,4.82,0.116203,4.70393,4.94909,0.14,0.32,0.162568,0.0812038,0.396072,1.5,4.69,2.43708,2.65993,7.65409
J09005+465,3153.0,3125.83,57.214,3077.41,3187.9,4.79,4.98,0.109648,4.83993,5.06725,-0.08,0.24,0.190726,-0.0401184,0.335191,1.5,5.63,2.24353,3.39573,7.95855
J09028+680,3306.0,3387.73,60.6143,3332.23,3464.06,4.85,4.79,0.0958562,4.6864,4.89154,0.04,0.23,0.14982,-0.00538146,0.300927,1.5,5.02,1.92297,3.0741,7.06506
J09133+688,3505.0,3567.42,36.2518,3534.65,3610.05,4.86,4.72,0.065296,4.68577,4.82508,-0.16,0.18,0.0895724,0.0662167,0.246857,1.5,4.73,1.24388,3.64694,6.31122
J09140+196,3429.0,3476.99,39.717,3439.4,3523.37,4.76,4.73,0.0746852,4.6754,4.82622,-0.12,0.21,0.0977833,0.0739444,0.27758,1.5,4.9,1.43878,3.51476,6.55327
J09143+526,4015.0,4078.36,61.9985,4015.74,4140.56,4.67,4.62,0.0372386,4.57693,4.6519,0.2,0.11,0.101412,-0.0229235,0.209255,1.5,5.01,1.48644,3.74408,6.90474
J09144+526,3991.0,4033.0,60.0762,3973.1,4094.41,4.67,4.62,0.0372767,4.57811,4.65373,0.21,0.13,0.0951382,0.00249639,0.218727,2.3,4.68,1.46128,3.57189,6.70434
J09161+018,3258.0,3227.33,29.0536,3204.23,3254.08,4.93,4.93,0.0743167,4.87251,5.03475,-0.06,0.11,0.143832,-0.0754753,0.212978,10.4,13.86,1.61595,12.5604,15.7865
J09163-186,3554.0,3590.47,37.1657,3560.01,3635.57,4.82,4.71,0.0603169,4.66907,4.79558,-0.12,0.18,0.0952851,0.0512124,0.243173,1.5,4.58,1.21981,3.50826,6.1255
J09307+003,3364.0,3380.47,50.9494,3311.3,3422.49,4.84,4.82,0.0958534,4.74288,4.94115,-0.01,0.15,0.113733,-0.0119866,0.228903,1.5,5.09,1.70314,2.66939,6.35968
J09360-216,3477.0,3511.81,41.7629,3477.73,3565.8,4.8,4.78,0.0784997,4.70538,4.86785,-0.06,0.05,0.0900896,-0.0672559,0.121741,1.5,4.07,1.36751,2.65286,5.50213
J09411+132,3630.0,3629.56,40.2381,3591.78,3677.65,4.73,4.7,0.0595043,4.64921,4.77346,0.1,0.18,0.081501,0.0708163,0.23859,1.5,4.15,1.26653,2.91041,5.62844
J09423+559,3326.0,3374.02,60.4135,3324.9,3454.48,4.83,4.77,0.0939045,4.69502,4.89784,0.08,0.29,0.131683,0.0957688,0.35907,1.5,4.89,1.87798,2.67178,6.59505
J09425+700,3465.0,3510.61,41.2776,3465.93,3553.9,4.84,4.75,0.0756672,4.6894,4.84223,-0.09,0.23,0.0970021,0.103602,0.295252,1.5,4.49,1.3829,3.52484,6.4392
J09428+700,3394.0,3415.67,44.8192,3354.57,3450.38,4.86,4.81,0.0853015,4.7421,4.92005,-0.02,0.19,0.109845,0.0450316,0.26097,1.5,4.8,1.50827,3.27693,6.55167
J09439+269,3387.0,3405.2,52.1781,3353.08,3467.07,4.84,4.77,0.0924306,4.69233,4.87923,0.02,0.19,0.11757,0.00545473,0.257472,1.5,4.25,1.62975,2.66941,6.20468
J09447-182,3300.0,3314.87,59.4281,3236.31,3364.04,4.87,4.82,0.10365,4.72859,4.94989,0.0,0.24,0.136195,0.0402305,0.320254,1.5,5.36,2.0712,2.61974,6.9944
J09468+760,3601.0,4007.12,80.1771,3937.89,4109.33,4.73,4.59,0.0507336,4.53016,4.63647,0.0,0.19,0.107372,0.0305473,0.259544,1.5,3.27,1.88499,2.2214,6.22086
J09511-123,3734.0,3935.31,61.2146,3888.53,4020.21,4.68,4.61,0.0421611,4.56786,4.66002,0.09,0.14,0.09073,0.0335751,0.229867,1.5,3.88,1.52605,2.53435,5.7024
J09561+627,3966.0,3934.89,58.3376,3889.05,4007.38,4.67,4.63,0.0392847,4.58003,4.65772,0.3,0.19,0.0977903,0.0573605,0.276989,1.5,5.04,1.46323,3.84999,6.95366
J10023+480,3781.0,4085.88,80.61,4025.75,4188.61,4.66,4.58,0.050593,4.5101,4.613,0.3,0.25,0.110119,0.0544362,0.302783,1.5,3.56,2.08195,2.553,6.9019
J10122-037,3721.0,3663.39,42.6705,3627.18,3716.18,4.69,4.66,0.054968,4.63012,4.74513,0.31,0.22,0.083799,0.108034,0.27851,1.5,4.23,1.29947,3.13783,5.95336
J10125+570,3356.0,3392.74,51.756,3320.46,3431.09,4.75,4.83,0.0968642,4.73692,4.9398,-0.04,0.14,0.130113,-0.0616506,0.208835,1.5,4.47,1.72011,2.58129,6.30927
J10167-119,3441.0,3640.95,54.2552,3588.32,3706.65,4.79,4.67,0.0646863,4.61759,4.75055,0.02,0.24,0.0991493,0.0955951,0.310909,1.5,3.95,1.43116,2.64936,5.66681
J10196+198,3309.0,3379.23,32.1092,3344.12,3410.07,4.93,4.94,0.0821732,4.85138,5.03611,-0.13,0.15,0.153173,-0.0687183,0.233226,,8.03,1.38071,6.41674,9.09806
J10251-102,3751.0,3715.33,45.6316,3684.13,3777.49,4.68,4.64,0.0489446,4.61519,4.71912,0.27,0.18,0.0875113,0.0565664,0.245181,1.5,4.01,1.29441,3.11736,5.89385
J10289+008,3522.0,3601.16,41.9594,3565.6,3656.0,4.78,4.74,0.063713,4.67328,4.8025,-0.06,0.1,0.0816421,-0.00166714,0.160857,1.5,3.87,1.28831,2.72614,5.41349
J10350-094,3418.0,3428.22,48.4493,3386.19,3490.59,4.81,4.76,0.0862995,4.68276,4.85716,0.01,0.17,0.100887,0.0221454,0.234021,1.5,4.56,1.53851,2.72419,6.02462
J10396-069,3534.0,3567.26,47.4252,3520.75,3622.12,4.76,4.69,0.0690902,4.63356,4.774,0.12,0.26,0.088148,0.134226,0.307549,1.5,4.03,1.42433,2.78727,5.77748
J10416+376,3214.0,3305.37,67.6685,3233.65,3381.38,4.89,4.82,0.10927,4.71329,4.95486,0.08,0.29,0.175039,0.0208415,0.379319,1.5,4.3,2.27319,2.84285,7.39828
J10504+331,3331.0,3394.05,58.0447,3343.0,3469.03,4.82,4.74,0.0932627,4.65151,4.84141,0.12,0.31,0.133002,0.117021,0.380106,1.5,4.72,1.9139,2.822,6.80369
J10508+068,3284.0,3278.73,54.2689,3205.85,3322.06,4.88,4.84,0.106911,4.73199,4.95703,0.01,0.21,0.138191,0.0199633,0.290667,1.5,4.35,2.08878,2.59637,7.05438
J11000+228,3455.0,3485.47,43.0089,3448.3,3539.49,4.74,4.79,0.0807399,4.71905,4.88338,-0.08,0.1,0.0935802,-0.0366366,0.156824,1.5,4.31,1.39117,2.68474,5.66556
J11026+219,3886.0,3803.32,42.3967,3774.79,3860.06,4.68,4.66,0.0404179,4.61839,4.70483,0.27,0.15,0.0903724,0.0502546,0.24622,2.6,5.38,1.24101,4.40205,6.95859
J11033+359,3570.0,3766.67,56.8817,3721.94,3848.41,4.75,4.65,0.0535618,4.61159,4.72031,0.0,0.05,0.0860304,-0.0255397,0.152191,1.5,3.59,1.40399,2.4682,5.42693
J11054+435,3617.0,3773.68,44.1611,3728.63,3826.81,4.79,4.7,0.0499395,4.6516,4.7528,-0.21,-0.12,0.0731367,-0.172584,-0.0191503,1.5,3.3,1.17065,2.2704,4.73237
J11110+304,3773.0,3724.37,51.2797,3679.88,3785.27,4.65,4.63,0.0512806,4.60344,4.71029,0.39,0.24,0.0962532,0.0899997,0.304599,1.5,4.15,1.39173,3.11041,6.12812
J11126+189,3738.0,3741.32,47.5772,3706.59,3805.64,4.66,4.66,0.0465207,4.60353,4.70111,0.25,0.2,0.0838285,0.0815381,0.264043,1.5,4.0,1.32059,2.90427,5.74923
J11201-104,3493.0,3597.65,30.6553,3565.45,3624.74,4.89,4.76,0.0647424,4.71426,4.85896,-0.24,0.15,0.117607,0.013247,0.253442,3.6,7.17,1.27102,5.97302,8.77097
J11289+101,3318.0,3423.54,58.9551,3368.68,3498.31,4.85,4.77,0.0906034,4.67821,4.87085,0.02,0.21,0.134486,0.00720056,0.284829,1.5,5.08,1.83754,2.7339,6.54858
J11302+076,3453.0,3501.7,47.0244,3456.63,3558.21,4.73,4.74,0.0801142,4.67099,4.83322,-0.04,0.21,0.098029,0.0684666,0.267748,1.5,4.07,1.47269,2.63134,5.7414
J11306-080,3377.0,3380.28,50.4695,3331.16,3440.32,4.83,4.8,0.0926603,4.72604,4.91705,0.0,0.2,0.109815,0.0558185,0.272847,1.5,4.7,1.66818,2.71592,6.33182
J11417+427,3292.0,3388.47,62.8147,3337.61,3473.14,4.75,4.74,0.0961783,4.65866,4.86582,0.04,0.31,0.150989,0.0710132,0.383719,1.5,4.74,2.00284,2.76425,6.84278
J11421+267,3459.0,3514.92,46.5325,3471.15,3571.16,4.79,4.75,0.0778222,4.66719,4.82276,-0.01,0.18,0.0937289,0.0384558,0.231781,1.5,3.99,1.43902,2.69578,5.71703
J11467-140,3442.0,3572.68,52.2169,3522.09,3633.82,4.79,4.66,0.0674626,4.62379,4.7605,0.01,0.29,0.113752,0.122823,0.367591,1.5,4.09,1.5441,2.86211,6.13198
J11476+786,3316.0,3484.17,60.0388,3433.58,3564.27,4.86,4.77,0.0916485,4.66773,4.86198,0.0,0.18,0.130503,-0.0116649,0.262279,1.5,3.76,1.7821,2.8249,6.5457
J11477+008,3232.0,3170.14,61.4175,3117.07,3239.29,4.93,4.95,0.113949,4.83744,5.06987,-0.04,0.18,0.169223,-0.0660178,0.276013,1.5,4.53,2.30359,2.46523,7.31741
J11509+483,3170.0,3131.56,63.2772,3078.4,3202.66,4.95,4.99,0.115356,4.83909,5.07618,0.01,0.23,0.186549,-0.0405488,0.334308,1.5,4.67,2.52368,2.4068,7.57993
J11511+352,3613.0,3650.88,37.9617,3626.41,3708.24,4.76,4.71,0.0545459,4.66138,4.77486,-0.1,0.1,0.0772927,-0.00137108,0.155536,1.5,3.85,1.18605,3.14246,5.66928
J12054+695,3282.0,3327.28,60.532,3254.02,3380.01,4.88,4.78,0.105787,4.68886,4.92251,0.1,0.3,0.175232,0.0281993,0.395754,1.5,4.93,2.16326,2.61796,6.94582
J12100-150,3306.0,3335.92,61.0673,3269.68,3401.16,4.82,4.74,0.105024,4.66392,4.88233,0.15,0.35,0.144268,0.129898,0.418938,1.5,4.73,2.16011,2.55249,6.90637
J12111-199,3438.0,3442.19,47.1662,3404.6,3505.9,4.83,4.78,0.0861718,4.70672,4.88438,0.0,0.12,0.0987204,-0.0177979,0.180563,1.5,4.35,1.50124,2.65861,5.90686
J12123+544S,3910.0,4049.33,65.3164,3996.62,4130.39,4.68,4.62,0.0400339,4.56493,4.64776,0.22,0.17,0.100874,-0.0158313,0.214702,1.5,4.02,1.57329,2.9951,6.3117
J12156+526,3305.0,3394.35,27.9434,3367.56,3417.6,4.94,4.79,0.0734257,4.74688,4.89165,-0.14,0.3,0.1416,0.186805,0.404104,35.3,33.32,1.78357,31.4442,35.1935
J12230+640,3455.0,3678.38,51.6887,3622.73,3731.49,4.79,4.65,0.0598812,4.59081,4.71493,0.0,0.24,0.0998254,0.100265,0.307116,1.5,4.64,1.57962,3.52382,6.65373
J12248-182,3459.0,3678.76,53.9807,3632.59,3751.17,4.82,4.7,0.0736179,4.64947,4.79936,-0.11,0.01,0.0952438,-0.0828726,0.101917,1.5,4.0,1.41167,2.69721,5.73256
J12312+086,3901.0,3936.38,54.9766,3896.56,4010.15,4.65,4.63,0.0389626,4.58166,4.66283,0.18,0.18,0.0905171,0.0308867,0.234462,1.5,4.31,1.41272,3.49259,6.44773
J12350+098,3498.0,3839.32,69.5056,3779.44,3933.19,4.77,4.61,0.0520761,4.56058,4.66805,0.01,0.22,0.0992748,0.078057,0.283628,1.5,3.75,1.65002,2.42719,5.77972
J12388+116,3383.0,3470.7,53.2742,3419.1,3534.07,4.81,4.73,0.0832411,4.65436,4.81963,0.05,0.28,0.114053,0.112674,0.343471,1.5,4.29,1.66455,2.72759,6.22989
J12428+418,3278.0,3283.81,43.26,3228.16,3319.49,4.93,4.95,0.0873885,4.85496,5.04341,-0.06,0.22,0.157744,-0.0270639,0.296171,1.5,6.07,1.54703,4.9319,8.13164
J12479+097,3327.0,3365.01,59.687,3315.32,3444.53,4.84,4.77,0.0976148,4.68397,4.88876,0.06,0.23,0.141022,0.0178655,0.306062,1.5,4.69,1.99114,2.58497,6.75306
J13005+056,3148.0,3068.54,46.2809,3016.26,3093.27,4.97,5.07,0.0983798,4.95956,5.17527,0.0,0.35,0.14243,0.15079,0.421228,16.4,17.99,2.24363,16.2765,21.0298
J13196+333,3796.0,3725.38,54.4137,3679.03,3786.77,4.63,4.63,0.0533059,4.59395,4.70186,0.4,0.28,0.100446,0.155362,0.37928,1.5,4.11,1.47351,3.04768,6.18804
J13209+342,3705.0,3894.96,59.7554,3835.03,3958.72,4.68,4.62,0.0430444,4.58014,4.67106,0.15,0.2,0.0887702,0.0702187,0.264726,1.5,3.95,1.40895,2.57791,5.5006
J13229+244,3269.0,3423.29,63.7793,3374.77,3511.19,4.87,4.77,0.0929713,4.66413,4.86721,0.03,0.24,0.16197,-0.0101579,0.318075,1.5,5.08,1.91166,3.02447,6.99553
J13283-023W,3415.0,3493.4,52.7117,3443.68,3559.67,4.81,4.72,0.0823487,4.65927,4.82389,0.01,0.29,0.107608,0.141589,0.363977,1.5,3.84,1.60185,2.6544,5.94475
J13293+114,3376.0,3665.87,69.277,3605.3,3756.06,4.81,4.63,0.0669191,4.5737,4.70404,0.05,0.33,0.110846,0.179811,0.399478,1.5,4.11,1.69705,2.74633,6.19083
J13299+102,3720.0,3781.3,46.8158,3743.32,3842.95,4.69,4.67,0.0442036,4.61139,4.70383,0.07,0.15,0.0753532,0.0459319,0.20732,1.5,3.34,1.24498,2.7962,5.40889
J13427+332,3321.0,3322.67,54.5469,3260.73,3379.83,4.86,4.83,0.100478,4.73936,4.95323,0.0,0.14,0.134161,-0.0444481,0.227718,1.5,4.19,1.91589,2.58251,6.72107
J13450+176,3815.0,4184.44,76.3868,4119.63,4277.81,4.73,4.6,0.0464119,4.54919,4.64854,-0.21,-0.03,0.130157,-0.238865,0.0485261,2.3,3.38,1.83832,1.95831,5.83551
J13457+148,3610.0,3976.36,69.7224,3919.1,4069.74,4.73,4.6,0.0469815,4.55266,4.64928,0.0,0.12,0.0914643,0.00874341,0.20267,1.5,3.45,1.66167,2.15034,5.57226
J13458-179,3343.0,3366.1,58.1041,3295.03,3420.17,4.84,4.8,0.0998979,4.72301,4.93779,0.04,0.22,0.130024,0.038016,0.301239,1.5,5.06,1.93521,2.58626,6.65195
J13536+776,3248.0,3228.36,31.4677,3202.0,3255.75,4.93,4.94,0.0806109,4.88175,5.0621,-0.05,0.2,0.14235,-0.0244452,0.258922,8.9,12.11,1.59273,10.5789,13.737
J13582+125,3343.0,3314.93,48.0725,3258.66,3364.16,4.89,4.9,0.0913732,4.82168,5.01776,-0.12,0.04,0.12993,-0.164118,0.122467,1.5,4.75,1.63978,3.00171,6.47691
J14010-026,3702.0,3838.39,55.6062,3789.35,3906.94,4.68,4.63,0.0426647,4.59653,4.6862,0.13,0.14,0.0851887,0.0278398,0.214136,1.5,4.05,1.29574,2.65763,5.38648
J14082+805,3827.0,3957.5,70.5875,3897.06,4041.02,4.65,4.6,0.0451913,4.55061,4.64131,0.39,0.27,0.10463,0.0797471,0.31907,1.5,4.57,1.67625,3.10774,6.63569
J14152+450,3402.0,3583.93,53.8521,3529.43,3646.27,4.81,4.7,0.0700111,4.63213,4.77848,0.01,0.23,0.112105,0.0653423,0.300978,1.5,4.15,1.47388,2.81404,5.92778
J14173+454,3154.0,3088.15,39.9802,3041.41,3112.4,4.99,5.04,0.0965369,4.92262,5.1349,-0.08,0.45,0.130998,0.275226,0.530579,15.9,19.12,2.28885,17.09,21.7655
J14251+518,3480.0,3510.39,44.3731,3467.8,3562.51,4.79,4.76,0.0772495,4.68832,4.84631,-0.03,0.14,0.0913765,0.00665792,0.196363,1.5,4.36,1.38932,2.62234,5.54557
J14257+236E,3922.0,3906.13,64.9207,3858.92,3986.61,4.64,4.61,0.0441463,4.56442,4.6507,0.39,0.24,0.109413,0.0919762,0.341725,1.5,4.83,1.63398,3.50041,6.93225
J14257+236W,3999.0,3983.84,69.741,3919.79,4061.66,4.64,4.6,0.0447097,4.55577,4.64531,0.38,0.21,0.116772,0.0684369,0.335007,1.5,5.32,1.72372,3.63897,7.32782
J14294+155,3595.0,3675.94,54.903,3627.41,3747.8,4.71,4.67,0.0579203,4.6127,4.73522,0.09,0.23,0.0950564,0.0865831,0.285663,1.5,3.73,1.41545,2.76606,5.79065
J14307-086,4057.0,4138.7,72.5319,4060.31,4209.3,4.63,4.6,0.042578,4.55141,4.63645,0.35,0.14,0.119495,-0.0136227,0.258441,2.4,5.36,1.74209,3.44258,7.1692
J14310-122,3338.0,3313.86,57.8028,3262.11,3386.99,4.75,4.79,0.103069,4.7053,4.91026,0.0,0.19,0.130057,0.0156182,0.265192,1.5,3.94,1.98416,2.48472,6.68716
J14342-125,3266.0,3293.14,60.2032,3217.51,3346.56,4.84,4.79,0.110613,4.68657,4.9216,0.13,0.3,0.154736,0.0668153,0.384377,1.5,4.42,2.27105,2.62254,7.2207
J14524+123,3480.0,3595.66,44.6936,3553.35,3647.29,4.81,4.66,0.0635693,4.62531,4.7576,-0.1,0.25,0.0984162,0.113191,0.32815,1.5,4.28,1.42352,3.13028,6.21308
J14544+355,3326.0,3400.31,60.017,3341.79,3472.81,4.84,4.77,0.0927881,4.68511,4.88231,0.04,0.26,0.142671,0.0477615,0.341232,1.5,4.93,1.88445,2.8101,6.72816
J15013+055,3388.0,3379.92,45.9476,3332.93,3431.24,4.83,4.81,0.0882395,4.74264,4.92566,-0.02,0.14,0.116409,-0.0302201,0.200914,1.5,4.7,1.57015,2.73876,6.15426
J15095+031,3427.0,3535.12,50.9848,3482.44,3594.42,4.8,4.72,0.0763678,4.65238,4.80579,0.0,0.24,0.0963174,0.115696,0.296743,1.5,4.05,1.48456,2.68975,5.81374
J15194-077,3415.0,3391.03,47.4216,3344.71,3447.35,4.85,4.82,0.0921099,4.74266,4.93264,-0.02,0.11,0.102445,-0.0504847,0.170265,1.5,4.96,1.54817,2.7568,6.09311
J15218+209,3465.0,3562.22,29.9862,3531.68,3593.23,4.91,4.8,0.0793727,4.73455,4.91358,-0.33,0.19,0.12718,0.0479365,0.303156,4.3,8.16,1.40462,6.98815,10.0064
J15369-141,3298.0,3320.07,60.633,3256.45,3389.01,4.86,4.78,0.103883,4.70313,4.92204,0.03,0.28,0.13576,0.0706595,0.351042,1.5,3.75,2.08114,2.44234,6.78589
J15474-108,3511.0,3465.57,34.7377,3436.27,3506.72,4.81,4.79,0.0669426,4.7189,4.8542,-0.14,0.04,0.0981135,-0.0980195,0.0872099,,8.27,1.8118,6.18269,9.99437
J15499+796,2997.0,3067.33,33.9738,3017.56,3086.38,4.78,4.95,0.0915668,4.85476,5.04439,-0.08,0.49,0.120735,0.321602,0.58305,26.9,29.5,2.09109,26.8579,31.4539
J15598-082,3695.0,3648.7,40.4396,3620.31,3703.03,4.68,4.68,0.0536388,4.64321,4.75788,0.13,0.14,0.0828448,0.0392086,0.21044,1.5,3.74,1.2413,3.10612,5.73026
J16028+205,3253.0,3304.69,63.8216,3228.45,3364.9,4.88,4.83,0.105898,4.74087,4.97279,0.04,0.24,0.160464,-0.00947331,0.33016,1.5,4.29,2.15512,2.69314,7.16063
J16092+093,3414.0,3445.64,43.4101,3397.2,3490.46,4.86,4.8,0.0857166,4.73801,4.91729,-0.07,0.13,0.109306,-0.0303593,0.193909,1.5,4.43,1.46396,2.86013,6.0174
J16167+672N,3436.0,3517.42,48.2617,3469.11,3574.17,4.8,4.71,0.0773698,4.66868,4.82112,0.0,0.28,0.0934157,0.155888,0.333312,1.5,4.25,1.48237,2.90793,6.01958
J16167+672S,4058.0,4100.93,70.7516,4023.04,4164.66,4.63,4.6,0.0422242,4.55819,4.64219,0.37,0.21,0.110131,0.0761814,0.326605,2.7,6.06,1.72299,4.00621,7.70159
J16254+543,3513.0,3562.69,40.0305,3526.28,3612.2,4.86,4.79,0.0749284,4.7119,4.86792,-0.18,0.02,0.0905747,-0.085092,0.0955374,1.5,3.98,1.33771,2.85283,5.5376
J16303-126,3320.0,3354.39,54.1291,3292.49,3409.26,4.75,4.8,0.0962388,4.72497,4.92681,-0.01,0.19,0.12846,-0.00480843,0.2597,1.5,5.18,1.86948,2.63658,6.63664
J16327+126,3415.0,3684.6,66.2371,3631.73,3777.77,4.81,4.66,0.0669857,4.59874,4.73151,0.01,0.19,0.0987737,0.0745209,0.271223,1.5,3.85,1.56972,2.63448,5.91671
J16462+164,3456.0,3510.2,47.7011,3462.77,3565.46,4.79,4.74,0.0820991,4.65893,4.82277,-0.02,0.19,0.0917466,0.0541958,0.23977,1.5,3.77,1.45088,2.60702,5.65488
J16554-083N,3295.0,3318.09,54.0997,3248.77,3365.81,4.88,4.89,0.0999393,4.79529,5.00932,-0.04,0.11,0.135516,-0.0978971,0.190076,1.5,5.44,1.82496,2.75082,6.69238
J16570-043,3245.0,3192.42,30.6761,3162.58,3218.27,4.94,4.93,0.0744955,4.88369,5.04609,-0.09,0.11,0.136932,-0.0687306,0.193111,10.1,13.73,1.51516,12.2793,15.3209
J16581+257,3745.0,3744.82,43.0909,3717.28,3804.16,4.67,4.68,0.0457464,4.62117,4.71787,0.17,0.17,0.0798814,0.0596743,0.224216,1.5,4.22,1.21183,3.06219,5.67141
J17033+514,3196.0,3126.67,69.0211,3067.82,3206.85,4.93,4.93,0.130192,4.77091,5.04054,0.02,0.35,0.203812,0.021258,0.440037,1.5,4.32,2.84784,2.2067,7.88679
J17052-050,3566.0,3922.63,69.9439,3865.92,4018.71,4.74,4.61,0.0483621,4.55729,4.65896,0.01,0.16,0.0939444,0.043196,0.241398,1.5,3.69,1.62561,2.24243,5.59927
J17071+215,3441.0,3486.94,43.9474,3446.51,3540.51,4.81,4.75,0.0842333,4.68806,4.86056,-0.03,0.2,0.1013,0.0426813,0.25313,1.5,3.96,1.47016,2.47531,5.57036
J17115+384,3378.0,3427.01,51.5362,3380.46,3490.51,4.82,4.76,0.0897897,4.68511,4.86743,0.03,0.22,0.10825,0.0594654,0.286521,1.5,4.81,1.66558,2.6604,6.19681
J17166+080,3505.0,3574.89,44.0988,3537.34,3631.93,4.79,4.73,0.0698463,4.65374,4.7908,-0.06,0.15,0.0839248,0.0291041,0.202108,1.5,4.34,1.33676,2.7973,5.61499
J17198+417,3451.0,3540.35,43.6997,3503.43,3598.44,4.81,4.75,0.0782473,4.68189,4.84407,-0.05,0.13,0.0912759,0.0171667,0.193121,1.5,3.98,1.40364,2.63015,5.52589
J17303+055,3839.0,3900.86,56.1105,3862.56,3982.78,4.64,4.62,0.0404816,4.58768,4.67434,0.15,0.13,0.0866988,0.011711,0.203043,1.5,4.28,1.35673,2.85253,5.72313
J17355+616,3864.0,3840.41,52.7241,3786.97,3893.66,4.65,4.65,0.0442323,4.6001,4.69499,0.28,0.26,0.0857234,0.163985,0.338667,1.5,4.89,1.423,3.67894,6.71998
J17364+683,3379.0,3581.55,57.5044,3527.03,3652.87,4.86,4.69,0.0722314,4.61845,4.76303,-0.1,0.29,0.105369,0.116232,0.341729,1.5,4.23,1.56568,2.89312,6.14315
J17378+185,3642.0,3745.97,43.244,3705.02,3801.46,4.75,4.7,0.0490375,4.64469,4.74641,-0.11,-0.01,0.0778104,-0.0986123,0.072471,1.5,3.31,1.19722,2.45586,5.00677
J17542+073,3256.0,3344.58,67.2699,3292.95,3438.85,4.85,4.76,0.106997,4.67795,4.91211,0.13,0.31,0.166123,0.0633997,0.398018,1.5,5.08,2.122,2.79391,7.02417
J17578+046,3238.0,3351.7,54.7835,3288.96,3410.79,4.96,4.9,0.0952152,4.81459,5.01997,-0.14,0.08,0.141729,-0.146469,0.156568,1.5,5.64,1.71603,3.17732,6.84555
J17578+465,3414.0,3427.1,48.7593,3383.09,3488.19,4.84,4.78,0.0883606,4.70365,4.87996,0.0,0.21,0.0984741,0.0734933,0.266757,1.5,4.57,1.56688,2.79956,6.20115
J18027+375,3092.0,3064.02,84.0467,2993.63,3164.73,4.95,4.95,0.141719,4.74913,5.04547,0.14,0.41,0.250053,-0.0107564,0.510835,1.5,4.69,3.11184,2.12553,8.13434
J18051-030,3635.0,3708.98,42.1944,3676.84,3768.85,4.75,4.7,0.0487065,4.64212,4.74164,-0.11,0.08,0.0750301,-0.00924604,0.148404,1.5,3.43,1.18371,2.71504,5.2531
J18165+048,3167.0,3110.91,66.3963,3039.87,3171.24,4.91,4.97,0.128561,4.78657,5.05794,0.09,0.33,0.206875,0.0159842,0.426923,1.5,4.34,2.83686,2.19236,7.81805
J18174+483,3454.0,3521.38,33.1462,3496.36,3561.1,4.79,4.76,0.0643511,4.7234,4.8635,-0.23,0.18,0.0996543,0.0608084,0.25766,1.5,5.61,1.25096,4.64756,7.34981
J18180+387E,3406.0,3454.54,49.5411,3404.25,3512.15,4.83,4.81,0.0897376,4.72989,4.92007,-0.05,0.09,0.116624,-0.0856676,0.16016,1.5,4.57,1.57789,2.57831,5.91309
J18189+661,3150.0,3071.89,46.7956,3012.49,3097.42,5.01,5.07,0.0925406,4.97061,5.17363,-0.14,0.36,0.135249,0.157235,0.4388,15.3,16.89,2.28509,14.7662,19.7023
J18198-019,4130.0,4240.09,65.0339,4154.66,4289.66,4.67,4.61,0.0386429,4.56211,4.6389,0.15,0.07,0.117112,-0.121466,0.149394,,4.64,1.65657,3.60293,7.05493
J18221+063,3355.0,3570.95,63.6121,3512.09,3648.79,4.84,4.73,0.0837598,4.62704,4.80076,0.0,0.24,0.117579,0.0669955,0.306537,1.5,3.7,1.78217,2.64679,6.30068
J18224+620,3173.0,3119.44,64.1844,3063.18,3190.44,4.96,4.99,0.116752,4.85506,5.09265,0.0,0.29,0.201235,-0.0155286,0.398481,1.5,4.2,2.64673,2.23701,7.58252
J18319+406,3399.0,3403.11,49.1102,3352.39,3460.13,4.85,4.79,0.0905498,4.71597,4.90637,0.0,0.21,0.106812,0.0650576,0.27344,1.5,4.74,1.63867,2.87841,6.41133
J18346+401,3360.0,3369.0,57.175,3318.29,3442.82,4.81,4.73,0.0954357,4.63627,4.83415,0.21,0.33,0.132425,0.130964,0.400484,1.5,4.73,1.97332,2.67667,6.82161
J18353+457,3904.0,4007.16,64.9521,3964.52,4093.59,4.65,4.62,0.0392429,4.57216,4.65138,0.29,0.18,0.101467,0.00649351,0.241182,1.5,4.1,1.46181,2.85761,5.94438
J18363+136,3259.0,3257.48,46.5396,3198.34,3294.57,4.95,4.95,0.0903704,4.8535,5.04113,-0.08,0.16,0.139148,-0.0387816,0.228451,1.5,5.33,1.66948,4.08641,7.51206
J18409-133,3794.0,3755.11,50.042,3712.81,3816.17,4.66,4.63,0.0469345,4.5983,4.69589,0.3,0.22,0.0859349,0.104327,0.289016,1.5,4.2,1.37126,3.17373,6.15649
J18419+318,3436.0,3497.15,46.6073,3454.44,3554.83,4.81,4.76,0.0790172,4.68919,4.84864,-0.05,0.15,0.0998647,-0.00570791,0.208551,1.5,4.48,1.42393,2.79712,5.79607
J18427+596N,3412.0,3631.38,54.8471,3588.88,3707.79,4.86,4.71,0.0709729,4.63649,4.78437,-0.13,0.11,0.106689,-0.0162044,0.195647,1.5,3.62,1.43214,2.53566,5.579
J18427+596S,3325.0,3501.73,55.4523,3458.58,3579.06,4.92,4.78,0.0853823,4.68358,4.86926,-0.15,0.13,0.122827,-0.0384293,0.208801,1.5,3.69,1.55279,2.87653,6.13818
J18480-145,3456.0,3482.95,44.7876,3445.33,3540.76,4.81,4.77,0.0808614,4.70796,4.87542,-0.07,0.12,0.0971278,-0.024289,0.181638,1.5,4.12,1.40438,2.81087,5.8169
J18482+076,3031.0,2978.97,76.7496,2903.76,3055.47,5.02,5.06,0.120441,4.92429,5.1728,0.0,0.33,0.259405,-0.10057,0.440116,2.4,6.2,2.84976,3.70345,9.21121
J18498-238,3269.0,3204.0,42.9586,3147.3,3230.41,4.97,5.03,0.0814707,4.93832,5.1122,-0.2,0.05,0.154495,-0.194381,0.133313,3.0,7.29,1.60618,5.90329,9.17042
J18580+059,3895.0,3937.01,59.0988,3890.85,4009.1,4.65,4.62,0.0410873,4.57718,4.66156,0.3,0.23,0.0965129,0.0641574,0.281979,1.5,4.39,1.43962,3.29125,6.29013
J19070+208,3508.0,3626.92,44.8258,3586.45,3685.62,4.82,4.75,0.0717828,4.67975,4.82663,-0.17,-0.03,0.0880818,-0.132912,0.0544901,1.5,3.57,1.30655,2.47568,5.1783
J19072+208,3507.0,3629.5,47.0533,3591.08,3695.44,4.82,4.74,0.0692586,4.67088,4.81174,-0.15,-0.0,0.0865707,-0.113243,0.0754124,1.5,4.01,1.29972,2.58424,5.31638
J19084+322,3408.0,3412.99,48.4831,3372.25,3477.12,4.85,4.79,0.0873413,4.72194,4.90376,0.0,0.15,0.110912,-0.0215789,0.205898,1.5,4.94,1.61478,2.59681,6.04774
J19098+176,3181.0,3155.65,66.8985,3091.43,3226.15,4.9,4.93,0.12361,4.7754,5.03458,0.09,0.32,0.190185,0.0270645,0.41395,1.5,4.24,2.70958,2.39532,7.86016
J19169+051N,3567.0,3600.51,46.7229,3554.83,3656.8,4.7,4.7,0.0648392,4.63502,4.76718,0.21,0.22,0.0913989,0.0968009,0.283143,1.5,4.16,1.38844,2.73079,5.68112
J19216+208,3216.0,3175.73,58.8182,3120.78,3238.86,4.93,4.93,0.113621,4.80304,5.03961,-0.01,0.22,0.17216,-0.0343155,0.306337,1.5,4.56,2.31743,2.55172,7.4487
J19251+283,3358.0,3389.24,51.862,3337.51,3449.5,4.86,4.79,0.0940858,4.70613,4.90129,0.01,0.23,0.120786,0.0409334,0.289526,1.5,4.71,1.73551,2.6014,6.35876
J19346+045,4025.0,4177.5,62.2139,4114.95,4241.59,4.65,4.62,0.0377803,4.56688,4.64587,0.08,0.09,0.110012,-0.109047,0.14229,3.9,4.3,1.60858,3.32823,6.68554
J19511+464,3179.0,3212.5,26.7155,3190.54,3239.97,4.63,4.86,0.0797016,4.80714,4.9738,-0.31,0.37,0.116867,0.228507,0.460291,22.5,24.48,1.7944,22.9308,26.7561
J20260+585,3144.0,3062.61,73.0886,3000.83,3146.11,4.95,4.98,0.132484,4.78407,5.05828,0.05,0.37,0.232745,-0.00141742,0.468155,1.5,4.77,3.03143,2.26915,8.20609
J20305+654,3433.0,3437.15,41.8464,3397.85,3485.55,4.83,4.82,0.0845328,4.75746,4.93111,-0.06,0.11,0.100102,-0.0345287,0.165078,1.5,4.42,1.39845,2.96076,6.02096
J20336+617,3302.0,3376.15,64.5068,3313.71,3453.25,4.82,4.74,0.0999334,4.64403,4.85322,0.17,0.36,0.154462,0.115492,0.439157,1.5,4.96,2.07412,2.68239,6.89814
J20405+154,3182.0,3126.49,62.2195,3072.06,3193.67,4.94,4.96,0.117912,4.81059,5.05905,0.02,0.27,0.188521,-0.00855186,0.368523,1.5,4.66,2.49947,2.67446,7.74948
J20450+444,3552.0,3613.18,41.7002,3577.46,3667.89,4.8,4.72,0.0622473,4.65675,4.78084,-0.09,0.1,0.0791607,-0.00595563,0.160623,1.5,3.54,1.28314,2.80619,5.51481
J20525-169,3270.0,3214.68,55.0429,3162.03,3274.11,4.91,4.91,0.109089,4.7967,5.02467,0.01,0.2,0.154978,-0.0181496,0.283098,1.5,4.63,2.13125,2.64685,7.2497
J20533+621,3817.0,3815.44,51.7223,3774.26,3876.72,4.66,4.65,0.0428321,4.59841,4.68582,0.25,0.2,0.0780507,0.102305,0.2689,1.5,4.15,1.31595,3.21495,6.03886
J20556-140S,3129.0,3212.12,74.0041,3144.11,3299.79,4.98,4.92,0.116635,4.80442,5.05073,0.0,0.31,0.207612,-0.0535691,0.39763,,4.56,2.41624,2.75442,7.77149
J20567-104,3450.0,3548.32,48.4166,3498.78,3604.34,4.8,4.71,0.0729373,4.64141,4.78821,-0.03,0.25,0.0980294,0.104034,0.304714,1.5,4.1,1.45799,2.83116,5.89697
J21019-063,3463.0,3552.63,45.4834,3507.43,3605.76,4.8,4.72,0.0700499,4.64954,4.79438,-0.03,0.2,0.0983787,0.0555821,0.26507,1.5,4.26,1.37689,2.82705,5.74581
J21152+257,3694.0,3631.59,53.5316,3581.03,3692.68,4.66,4.63,0.0619289,4.59189,4.71794,0.54,0.35,0.119459,0.16283,0.4339,1.5,4.49,1.62272,3.1367,6.63268
J21164+025,3390.0,3487.04,47.944,3442.98,3546.39,4.61,4.74,0.0810527,4.66449,4.82444,-0.16,0.22,0.0951704,0.0719627,0.269489,1.5,4.09,1.47749,2.83485,5.96037
J21221+229,3675.0,3798.36,48.3135,3758.53,3861.27,4.74,4.66,0.043337,4.61068,4.70136,-0.09,0.11,0.0788935,0.0094701,0.177556,1.5,4.19,1.23404,2.88047,5.44812
J21348+515,3429.0,3645.33,55.6103,3601.27,3723.69,4.82,4.68,0.0621188,4.61473,4.74285,0.01,0.24,0.0999274,0.101875,0.299597,1.5,3.89,1.46755,2.75294,5.8268
J21463+382,3250.0,3444.84,63.0026,3396.18,3534.68,4.91,4.79,0.0955453,4.69254,4.89889,-0.03,0.18,0.140836,-0.0246359,0.272121,1.5,4.44,1.87459,3.16175,7.08609
J21466+668,3307.0,3332.66,57.7866,3267.14,3393.49,4.86,4.79,0.102094,4.71006,4.93225,0.09,0.27,0.137509,0.080001,0.336484,1.5,3.89,2.05801,2.63306,6.89531
J21466-001,3297.0,3321.94,58.6097,3244.33,3371.5,4.84,4.81,0.104711,4.72344,4.94653,0.08,0.22,0.145647,-0.000661651,0.30162,1.5,3.86,2.11557,2.44446,6.90374
J22012+283,3206.0,3242.51,28.8699,3214.93,3272.28,4.95,4.82,0.0637899,4.77215,4.90147,-0.06,0.29,0.144714,0.187487,0.416785,35.4,34.77,1.77382,32.789,36.5555
J22020-194,3386.0,3382.71,50.6843,3331.47,3441.12,4.83,4.78,0.0901811,4.71602,4.90711,0.0,0.19,0.113566,0.0192317,0.25898,1.5,5.02,1.69745,2.71518,6.32626
J22021+014,3891.0,3920.98,51.5133,3874.3,3978.38,4.65,4.63,0.0408444,4.58688,4.67155,0.25,0.22,0.0909299,0.0741909,0.274119,1.5,4.44,1.37809,3.40685,6.2509
J22057+656,3604.0,3722.55,44.0333,3687.44,3782.86,4.77,4.65,0.0490482,4.62597,4.72661,-0.14,0.14,0.0789228,0.0604709,0.213367,1.5,3.69,1.26895,2.83018,5.5485
J22096-046,3414.0,3471.72,51.8365,3421.64,3534.33,4.82,4.71,0.0817,4.65013,4.81007,0.05,0.3,0.104147,0.143163,0.357384,1.5,4.27,1.61152,2.86524,6.24559
J22115+184,3693.0,3660.99,46.6242,3616.88,3714.25,4.66,4.65,0.054649,4.59931,4.71362,0.36,0.26,0.0891647,0.132692,0.330441,1.5,4.29,1.43626,3.04906,6.14778
J22125+085,3494.0,3481.68,46.7216,3443.12,3543.25,4.74,4.76,0.0819703,4.68848,4.85567,0.12,0.14,0.0950093,0.00216199,0.1975,1.5,4.59,1.45829,2.65489,5.72584
J22137-176,3250.0,3225.23,65.6412,3160.86,3298.21,4.89,4.92,0.111996,4.78638,5.02437,0.01,0.25,0.175171,-0.0310201,0.338306,1.5,4.63,2.27479,2.78004,7.5473
J22252+594,3331.0,3364.63,59.6819,3315.46,3444.77,4.84,4.77,0.0960492,4.68597,4.8904,0.04,0.3,0.142035,0.0839767,0.374849,1.5,4.8,1.91651,2.66835,6.65584
J22298+414,3258.0,3360.75,61.8759,3280.62,3412.45,4.87,4.8,0.107578,4.71235,4.94321,0.05,0.3,0.16645,0.0213809,0.377028,1.5,3.71,2.18495,2.29781,6.83539
J22330+093,3715.0,3762.78,47.2153,3726.95,3830.03,4.72,4.64,0.046723,4.61454,4.71145,0.08,0.12,0.0801299,0.0191431,0.189726,1.5,3.51,1.25977,2.82798,5.49711
J22503-070,3899.0,3884.41,53.2987,3841.0,3951.62,4.65,4.64,0.0389808,4.59636,4.67684,0.16,0.14,0.0895956,0.0175728,0.215699,1.5,4.47,1.32332,3.50989,6.35042
J22518+317,3358.0,3386.95,30.2028,3366.66,3427.33,4.91,4.81,0.105638,4.71509,4.93851,-0.13,0.37,0.116049,0.218726,0.463934,13.4,16.38,1.7201,14.2884,17.9673
J22532-142,3317.0,3313.12,55.2953,3250.48,3370.68,4.75,4.8,0.102653,4.70104,4.91662,0.0,0.25,0.135845,0.0528641,0.313897,1.5,4.79,2.03081,2.60913,6.90863
J22559+178,3811.0,3801.21,47.9095,3763.62,3862.42,4.65,4.65,0.0435728,4.59646,4.68851,0.28,0.21,0.0923571,0.0637983,0.265116,1.5,4.34,1.33047,3.28375,6.10197
J22565+165,3789.0,3763.85,49.1642,3724.32,3823.61,4.65,4.63,0.0464186,4.59242,4.68938,0.32,0.23,0.092003,0.0931881,0.298586,1.5,4.29,1.37378,3.19644,6.16599
J23113+085,3369.0,3368.36,51.747,3308.59,3420.58,4.83,4.77,0.0920784,4.68345,4.8726,0.03,0.24,0.126482,0.0529985,0.296396,1.5,4.77,1.81858,2.80557,6.69002
J23216+172,3286.0,3345.17,63.3495,3298.19,3434.55,4.84,4.75,0.101669,4.66472,4.88307,0.1,0.33,0.156075,0.0956786,0.422169,1.5,4.99,2.05314,2.77623,6.93035
J23245+578,3818.0,3774.19,50.3828,3737.01,3837.11,4.65,4.63,0.0451023,4.59162,4.68438,0.35,0.24,0.0986146,0.0946822,0.314188,1.5,4.35,1.40257,3.29672,6.32063
J23340+001,3490.0,3718.68,57.7004,3671.55,3800.23,4.77,4.66,0.0560206,4.60252,4.71679,0.0,0.14,0.0901205,0.0437801,0.224112,1.5,3.77,1.43802,2.55979,5.552
J23381-162,3529.0,3568.84,41.4893,3537.72,3626.7,4.8,4.76,0.069946,4.68142,4.82434,-0.04,0.07,0.0847583,-0.0485824,0.128745,1.5,4.09,1.31198,2.62737,5.39808
J23419+441,3080.0,2995.63,81.3788,2924.86,3091.62,4.96,5.02,0.139677,4.80245,5.10412,0.11,0.39,0.268363,-0.0518308,0.494515,1.5,4.72,3.2316,2.12527,8.39211
J23431+365,3317.0,3169.82,55.2146,3113.23,3221.06,4.75,4.98,0.102295,4.87325,5.08415,0.0,0.21,0.168866,-0.0415987,0.283106,1.5,5.94,2.03724,3.36498,7.60504
J23492+024,3630.0,3952.86,69.6595,3902.87,4054.48,4.73,4.62,0.0471955,4.57816,4.67533,-0.01,-0.0,0.0900313,-0.119589,0.0739512,1.5,3.06,1.48574,2.15268,5.20671
J23505-095,3365.0,3282.82,55.8202,3208.49,3329.02,4.83,4.81,0.107688,4.71501,4.94386,0.05,0.28,0.146337,0.0643069,0.350981,1.5,4.28,2.09796,2.68169,7.11726
J23556-061,3685.0,3607.91,47.1296,3561.4,3660.87,4.66,4.66,0.0652187,4.62707,4.75906,0.38,0.28,0.101614,0.129722,0.351937,1.5,4.26,1.46659,3.02543,6.19636
J23585+076,3413.0,3452.08,43.1653,3409.31,3500.04,4.82,4.79,0.0771117,4.71249,4.87127,-0.03,0.14,0.116206,-0.0337475,0.210555,1.5,5.29,1.57438,4.06602,7.32767
