Karmn,_RA,_DE,Tpr,s_Tpr,gpr,s_gpr,Teff1,e_Teff1,logg1,e_logg1,[Fe/H]1,e_[Fe/H]1,Corr1,e_Corr1,Teff2,e_Teff2,[Fe/H]2,e_[Fe/H]2,Corr2,e_Corr2,Pop,vsini,e_vsini
"J00051+457 ",1.29537,45.78656,3600,200,4.71,0.2,3773,16,5.07,0.08,-0.07,0.05,-0.04,0.05,3770,17,-0.23,0.03,-0.15,0.03,"YD  ",2.0,
"J00067-075 ",1.68,-7.53806,2900,200,5.22,0.2,3169,53,5.2,0.16,-0.22,0.22,-0.15,0.22,3137,36,-0.37,0.18,-0.25,0.18,"D   ",2.0,
J00162+198E,4.06729,19.86403,3200,200,4.94,0.2,3329,30,4.93,0.07,-0.18,0.09,-0.11,0.09,3327,25,-0.19,0.07,-0.12,0.07,TD-D,2.0,
"J00183+440 ",4.59533,44.02294,3500,200,4.79,0.2,3603,24,4.99,0.14,-0.75,0.11,-0.52,0.11,3603,23,-0.72,0.07,-0.49,0.1,"D   ",2.0,
"J00184+440 ",4.60758,44.02725,3200,200,5.12,0.2,3318,53,5.2,0.11,-0.53,0.17,-0.36,0.17,3302,61,-0.55,0.25,-0.38,0.25,"D   ",2.0,
"J00286-066 ",7.16442,-6.66367,3300,200,4.86,0.2,3419,28,4.81,0.08,-0.17,0.08,-0.11,0.08,3412,35,-0.21,0.1,-0.14,0.1,"D   ",2.0,
"J00389+306 ",9.746,30.61622,3500,200,4.81,0.2,3551,17,4.9,0.11,-0.24,0.07,-0.16,0.07,3563,15,-0.28,0.06,-0.19,0.06,"D   ",2.0,
"J00403+612 ",10.08871,61.21361,3700,200,4.77,0.2,3709,11,5.01,0.09,-0.02,0.03,0.0,0.03,3715,10,-0.18,0.03,-0.11,0.03,"YD  ",2.0,
"J00570+450 ",14.26121,45.08606,3300,200,4.86,0.2,3488,22,5.04,0.1,-0.04,0.05,-0.02,0.05,3491,21,-0.17,0.06,-0.11,0.06,"YD  ",2.0,
"J01013+613 ",15.33354,61.36575,3500,200,4.84,0.2,3564,19,5.05,0.08,-0.24,0.07,-0.16,0.07,3545,10,-0.24,0.04,-0.16,0.04,"D   ",2.0,
"J01019+541 ",15.49787,54.18269,2900,200,5.15,0.2,3070,13,5.12,0.03,-0.3,0.06,-0.2,0.06,3072,15,-0.34,0.04,-0.23,0.04,"D   ",30.6,3.1
"J01025+716 ",15.63433,71.67981,3400,200,4.74,0.2,3524,26,4.86,0.1,-0.08,0.07,-0.04,0.09,3516,21,-0.14,0.06,-0.08,0.06,"D   ",2.0,
"J01026+623 ",15.66196,62.34506,3600,200,4.69,0.2,3791,19,4.76,0.11,0.05,0.06,0.05,0.06,3782,18,-0.08,0.04,-0.04,0.04,"YD  ",2.0,
"J01033+623 ",15.83262,62.3655,3000,200,5.02,0.2,3057,49,5.12,0.18,-0.36,0.24,-0.24,0.24,3045,58,-0.37,0.13,-0.25,0.13,"YD  ",10.5,1.5
"J01048-181 ",16.22417,-18.12461,3000,200,5.16,0.2,3209,41,5.09,0.14,-0.16,0.17,-0.1,0.17,3200,33,-0.22,0.17,-0.15,0.17,"D   ",2.0,
"J01066+192 ",16.65404,19.22589,3400,200,4.88,0.2,3496,25,5.0,0.11,-0.08,0.07,-0.04,0.07,3495,22,-0.09,0.05,-0.05,0.05,"YD  ",2.0,
"J01125-169 ",18.12767,-16.999,3100,200,5.18,0.2,3228,46,5.24,0.16,-0.57,0.2,-0.39,0.2,3225,43,-0.65,0.22,-0.44,0.22,"D   ",2.0,
"J01339-176 ",23.49167,-17.63994,3200,200,4.94,0.2,3376,34,5.15,0.12,-0.2,0.08,-0.13,0.08,3424,19,-0.06,0.03,-0.03,0.03,"YD  ",2.0,
"J01352-072 ",23.808,-7.21431,3200,200,4.6,0.2,3052,12,4.73,0.15,-0.04,0.08,-0.02,0.08,3033,7,-0.12,0.09,-0.07,0.09,"YD  ",59.8,6.9
"J01433+043 ",25.83408,4.32167,3500,200,4.83,0.2,3547,20,5.1,0.17,-0.15,0.07,-0.09,0.07,3539,13,-0.22,0.04,-0.15,0.04,"D   ",2.0,
"J01518+644 ",27.96304,64.43497,3500,200,4.75,0.2,3625,21,5.04,0.1,-0.03,0.05,-0.01,0.05,3611,20,-0.14,0.05,-0.08,0.05,"YD  ",2.0,
"J02002+130 ",30.054,13.05194,3100,200,5.16,0.2,3237,32,5.22,0.14,-0.38,0.14,-0.25,0.14,3210,27,-0.51,0.28,-0.35,0.28,"D   ",2.0,
"J02015+637 ",30.39725,63.77,3400,200,4.77,0.2,3579,23,4.87,0.11,-0.14,0.08,-0.08,0.08,3549,22,-0.16,0.05,-0.1,0.05,"D   ",2.0,
"J02070+496 ",31.76608,49.64542,3400,200,4.9,0.2,3455,22,5.16,0.13,-0.12,0.06,-0.07,0.06,3471,22,-0.1,0.03,-0.06,0.03,"YD  ",2.0,
"J02088+494 ",32.22342,49.449,3300,200,4.83,0.2,3266,36,4.88,0.14,-0.24,0.19,-0.16,0.19,3270,37,-0.14,0.18,-0.08,0.18,"YD  ",24.1,2.4
"J02123+035 ",33.08746,3.57561,3700,200,4.81,0.2,3575,14,4.86,0.09,-0.72,0.06,-0.49,0.06,3571,14,-0.75,0.04,-0.52,0.04,"TD  ",2.0,
"J02222+478 ",35.561,47.88003,3900,200,4.7,0.2,3894,11,4.99,0.09,-0.01,0.04,0.0,0.04,3877,10,-0.2,0.03,-0.13,0.03,"D   ",2.0,
"J02336+249 ",38.40492,24.92714,3100,200,5.01,0.2,3313,24,5.19,0.1,-0.27,0.1,-0.18,0.1,3335,22,-0.06,0.05,-0.03,0.05,"D   ",3.0,1.5
"J02358+202 ",38.97212,20.21989,3500,200,4.7,0.2,3703,15,4.86,0.09,-0.04,0.04,-0.02,0.04,3696,16,-0.14,0.03,-0.08,0.03,"YD  ",2.0,
"J02362+068 ",39.06362,6.87164,3200,200,4.96,0.2,3335,45,4.91,0.1,-0.36,0.12,-0.24,0.12,3338,40,-0.34,0.11,-0.23,0.11,"D   ",2.0,
"J02442+255 ",41.06462,25.52336,3400,200,4.86,0.2,3510,21,4.97,0.11,-0.14,0.08,-0.08,0.08,3512,20,-0.18,0.06,-0.11,0.06,"YD  ",2.0,
J02489-145E,42.24696,-14.53747,3500,200,4.79,0.2,3572,27,4.94,0.12,0.0,0.04,0.0,0.04,3549,24,-0.1,0.03,-0.06,0.03,"YD  ",2.0,
J02489-145W,42.24696,-14.53747,3500,200,4.74,0.2,3655,25,4.98,0.1,0.04,0.05,0.04,0.05,3674,20,-0.13,0.04,-0.08,0.04,"YD  ",2.0,
"J02519+224 ",42.97542,22.45831,3200,200,4.71,0.2,3158,42,4.68,0.17,-0.06,0.19,-0.03,0.19,3176,33,-0.15,0.16,-0.09,0.16,"YD  ",27.2,2.7
"J02530+168 ",43.25371,16.88128,2800,200,5.31,0.2,3034,45,5.19,0.2,-0.17,0.28,-0.11,0.28,3031,34,0.01,0.25,0.01,0.25,"TD  ",2.0,
J02565+554W,44.14342,55.43725,3700,200,4.63,0.2,3832,10,4.65,0.12,-0.07,0.04,-0.04,0.04,3830,10,-0.09,0.02,-0.05,0.02,"D   ",2.0,
"J03133+047 ",48.3455,4.77481,3000,200,5.11,0.2,3214,40,5.06,0.16,-0.1,0.17,-0.06,0.17,3208,39,-0.21,0.15,-0.14,0.15,"D   ",2.0,
"J03181+382 ",49.53117,38.25206,3600,200,4.63,0.2,3826,15,4.61,0.14,-0.02,0.05,0.0,0.05,3825,14,-0.01,0.03,0.0,0.03,"D   ",2.0,
"J03213+799 ",50.34075,79.96728,3500,200,4.81,0.2,3599,14,5.12,0.1,-0.32,0.07,-0.21,0.08,3580,13,-0.41,0.05,-0.28,0.05,"D   ",2.0,
"J03217-066 ",50.4455,-6.67339,3600,200,4.77,0.2,3661,17,5.16,0.08,0.01,0.04,0.01,0.04,3683,18,-0.19,0.04,-0.12,0.04,"YD  ",2.0,
"J03463+262 ",56.58392,26.2155,3900,200,4.67,0.2,3949,12,4.83,0.09,0.01,0.04,0.01,0.04,3941,12,-0.08,0.02,-0.04,0.02,"YD  ",3.3,4.0
"J03473-019 ",56.84725,-1.97219,3400,200,4.73,0.2,3473,72,4.85,0.18,-0.26,0.15,-0.18,0.15,3437,76,-0.26,0.18,-0.18,0.18,"YD  ",5.2,1.5
"J03531+625 ",58.2935,62.56892,3500,200,4.88,0.2,3501,23,5.04,0.11,-0.28,0.1,-0.19,0.1,3506,22,-0.26,0.09,-0.18,0.09,"TD  ",2.0,
"J04153-076 ",63.83975,-7.65575,3100,200,4.98,0.2,3179,61,5.0,0.18,-0.44,0.17,-0.3,0.17,3180,69,-0.41,0.18,-0.28,0.18,TD-D,2.1,1.5
"J04167-120 ",64.19,-12.08403,3700,200,4.62,0.2,3961,13,5.01,0.09,0.15,0.04,0.15,0.04,3922,14,0.0,0.02,0.0,0.02,"D   ",2.0,
"J04198+425 ",64.96721,42.55844,2400,200,5.29,0.2,,,,,,,,,,,,,,,"D   ",3.6,2.3
"J04225+105 ",65.63329,10.52189,3300,200,4.75,0.2,3546,25,4.71,0.1,-0.1,0.07,-0.06,0.07,3536,24,-0.07,0.04,-0.04,0.04,"YD  ",2.0,
"J04290+219 ",67.2505,21.92269,4000,200,4.59,0.2,4123,20,4.48,0.15,0.05,0.06,0.05,0.03,4130,21,0.06,0.03,0.06,0.03,"D   ",3.9,1.5
"J04311+589 ",67.79796,58.97706,3200,200,4.94,0.2,3382,39,4.89,0.1,-0.25,0.11,-0.17,0.11,3365,35,-0.24,0.1,-0.16,0.1,"D   ",2.0,
"J04343+430 ",68.59375,43.03742,3400,200,4.74,0.2,3525,25,4.86,0.11,-0.14,0.09,-0.08,0.09,3533,22,-0.19,0.06,-0.12,0.06,"D   ",2.0,
"J04376+528 ",69.42054,52.89361,3900,200,4.66,0.2,4039,20,4.94,0.07,-0.21,0.05,-0.14,0.05,4005,9,-0.42,0.03,-0.28,0.03,"D   ",3.4,1.5
"J04376-110 ",69.42446,-11.03889,3600,200,4.78,0.2,3666,16,5.08,0.12,-0.08,0.06,-0.04,0.06,3682,17,-0.25,0.04,-0.17,0.04,"D   ",2.0,
"J04429+189 ",70.73242,18.95817,3500,200,4.73,0.2,3678,16,5.13,0.08,-0.01,0.03,0.0,0.03,3667,16,-0.18,0.03,-0.11,0.03,"D   ",2.0,
"J04429+214 ",70.73275,21.47306,3400,200,4.85,0.2,3499,24,4.9,0.08,-0.02,0.04,0.0,0.04,3495,20,-0.02,0.03,0.0,0.03,"D   ",2.0,
"J04472+206 ",71.80104,20.63633,3000,200,4.82,0.2,3096,14,5.12,0.07,-0.11,0.04,-0.06,0.04,3075,12,-0.59,0.04,-0.4,0.04,"YD  ",47.6,26.8
"J04520+064 ",73.02387,6.47656,3200,200,4.82,0.2,3439,30,4.83,0.08,-0.13,0.06,-0.08,0.06,3447,30,-0.1,0.06,-0.06,0.06,"D   ",2.0,
"J04538-177 ",73.45825,-17.77342,3500,200,4.81,0.2,3582,17,5.04,0.11,-0.47,0.08,-0.32,0.08,3569,16,-0.62,0.06,-0.42,0.06,"D   ",2.0,
"J04588+498 ",74.71071,49.84928,3900,200,4.65,0.2,3983,13,5.07,0.08,0.02,0.03,0.02,0.03,3981,15,-0.21,0.03,-0.14,0.03,"D   ",2.0,
"J05019+011 ",75.48608,1.14525,3200,200,4.66,0.2,3217,75,4.66,0.18,-0.29,0.26,-0.2,0.26,3207,80,-0.3,0.25,-0.2,0.25,"YD  ",6.5,1.5
"J05019-069 ",75.48929,-6.94622,3100,200,5.09,0.2,3284,27,5.13,0.13,-0.32,0.13,-0.21,0.13,3296,26,-0.08,0.04,-0.04,0.04,"D   ",2.0,
"J05033-173 ",76.10821,-17.72861,3300,200,4.95,0.2,3464,27,5.08,0.1,-0.2,0.09,-0.13,0.09,3475,26,-0.16,0.06,-0.1,0.06,"YD  ",2.0,
"J05062+046 ",76.55387,4.65756,3100,200,4.68,0.2,3134,42,4.72,0.19,0.1,0.16,0.1,0.16,3116,38,0.1,0.16,0.1,0.16,"YD  ",24.9,2.5
"J05084-210 ",77.11375,-21.029,3000,200,4.59,0.2,3233,22,4.52,0.1,-0.55,0.07,-0.38,0.07,3244,19,-0.52,0.06,-0.36,0.06,"YD  ",25.2,2.5
"J05127+196 ",78.17596,19.66567,3500,200,4.78,0.2,3599,13,4.91,0.11,-0.48,0.07,-0.33,0.07,3697,14,-0.22,0.03,-0.15,0.03,"D   ",2.0,
"J05280+096 ",82.00062,9.64394,3300,200,5.02,0.2,3440,27,5.05,0.11,-0.24,0.09,-0.16,0.09,3438,23,-0.23,0.08,-0.15,0.08,"D   ",2.0,
"J05314-036 ",82.86417,-3.67722,3700,200,4.66,0.2,3850,27,4.71,0.18,0.05,0.08,0.05,0.08,3833,17,0.02,0.04,0.02,0.04,"D   ",2.0,
"J05337+019 ",83.43667,1.94542,3400,200,4.8,0.2,3428,32,4.98,0.1,-0.1,0.07,-0.06,0.07,3440,29,-0.16,0.05,-0.1,0.05,"YD  ",9.8,1.5
"J05348+138 ",83.71717,13.87964,3300,200,4.85,0.2,3464,28,4.85,0.08,-0.12,0.07,-0.07,0.07,3463,28,-0.12,0.07,-0.07,0.07,"YD  ",2.0,
"J05360-076 ",84.00033,-7.64956,3200,200,4.87,0.2,3422,29,4.81,0.08,-0.19,0.06,-0.12,0.06,3384,19,-0.29,0.08,-0.2,0.08,"D   ",2.0,
"J05365+113 ",84.12912,11.32786,3900,200,4.65,0.2,4067,14,5.04,0.07,0.01,0.03,0.01,0.03,4001,6,-0.22,0.02,-0.15,0.02,"YD  ",3.8,1.5
"J05366+112 ",84.16025,11.29689,3200,200,4.94,0.2,3355,23,5.17,0.16,-0.29,0.1,-0.2,0.1,3411,18,-0.04,0.03,-0.02,0.03,"YD  ",2.4,1.5
"J05394+406 ",84.85337,40.64522,2500,200,5.27,0.2,,,,,,,,,,,,,,,"D   ",4.1,1.5
"J05415+534 ",85.37804,53.48981,3800,200,4.71,0.2,3825,14,4.94,0.1,-0.04,0.06,-0.02,0.06,3829,14,-0.2,0.04,-0.13,0.04,"YD  ",2.0,
"J05421+124 ",85.53862,12.48933,3200,200,5.01,0.2,3324,38,4.93,0.08,-0.44,0.11,-0.3,0.11,3295,35,-0.44,0.1,-0.3,0.1,"TD  ",2.0,
"J06000+027 ",90.01458,2.70656,3200,200,5.01,0.2,3296,19,5.12,0.14,-0.29,0.13,-0.2,0.13,3323,17,-0.04,0.03,-0.02,0.03,"YD  ",4.9,1.5
"J06011+595 ",90.29604,59.59719,3300,200,4.98,0.2,3431,35,4.97,0.12,-0.22,0.13,-0.15,0.13,3389,40,-0.11,0.09,-0.06,0.09,"YD  ",2.0,
"J06024+498 ",90.62162,49.86561,3000,200,5.17,0.2,3213,35,5.17,0.14,-0.15,0.13,-0.09,0.13,3201,32,-0.2,0.14,-0.13,0.14,"YD  ",2.0,
"J06103+821 ",92.58271,82.10675,3500,200,4.81,0.2,3554,20,4.95,0.13,-0.24,0.07,-0.16,0.07,3547,13,-0.24,0.05,-0.16,0.05,"D   ",2.0,
"J06105-218 ",92.64425,-21.86464,3700,200,4.7,0.2,3801,13,4.98,0.09,-0.05,0.05,-0.02,0.05,3813,11,-0.19,0.04,-0.12,0.04,"YD  ",2.0,
"J06246+234 ",96.172,23.43303,3200,200,5.14,0.2,3249,24,5.1,0.09,-0.67,0.1,-0.46,0.1,3253,21,-0.63,0.09,-0.43,0.09,"D   ",2.0,
"J06318+414 ",97.96142,41.49597,3000,200,4.81,0.2,3084,13,4.88,0.07,-0.06,0.05,-0.03,0.05,3026,12,-0.14,0.05,-0.08,0.05,"YD  ",58.4,26.1
"J06371+175 ",99.295,17.56481,3800,200,4.8,0.2,3803,10,5.2,0.07,-0.63,0.04,-0.43,0.04,3820,11,-0.68,0.04,-0.46,0.04,TD-D,2.0,
"J06396-210 ",99.90587,-21.02589,3200,200,4.94,0.2,3428,33,5.09,0.12,-0.08,0.07,-0.04,0.07,3438,27,-0.07,0.06,-0.04,0.06,"D   ",2.0,
"J06421+035 ",100.54662,3.58128,3300,200,4.82,0.2,3475,27,4.88,0.08,-0.13,0.08,-0.08,0.08,3485,26,-0.15,0.07,-0.09,0.07,"D   ",2.0,
"J06548+332 ",103.704,33.26817,3400,200,4.87,0.2,3503,37,4.88,0.12,-0.2,0.12,-0.13,0.12,3497,33,-0.16,0.09,-0.1,0.09,"YD  ",2.0,
"J06574+740 ",104.35892,74.09067,3200,200,4.94,0.2,3173,24,5.06,0.13,-0.1,0.06,-0.06,0.06,3133,11,-0.01,0.01,0.0,0.01,"D   ",27.1,2.7
"J06594+193 ",104.87008,19.34886,2800,200,5.17,0.2,3146,38,5.09,0.17,-0.16,0.19,-0.1,0.19,3158,33,-0.1,0.22,-0.06,0.22,"D   ",2.0,
"J07033+346 ",105.84654,34.69761,3200,200,4.98,0.2,3310,26,5.13,0.12,-0.36,0.11,-0.24,0.11,3386,30,-0.03,0.03,-0.01,0.03,"D   ",2.0,
"J07044+682 ",106.10808,68.28881,3400,200,4.81,0.2,3527,21,4.82,0.09,-0.16,0.08,-0.1,0.08,3527,19,-0.18,0.06,-0.11,0.06,"D   ",2.0,
"J07274+052 ",111.85208,5.22578,3200,200,4.91,0.2,3380,43,4.96,0.11,-0.17,0.11,-0.11,0.11,3382,45,-0.19,0.11,-0.12,0.11,"D   ",2.0,
"J07287-032 ",112.18933,-3.29814,3300,200,4.81,0.2,3511,21,4.82,0.08,-0.2,0.07,-0.13,0.07,3519,18,-0.22,0.06,-0.15,0.06,"D   ",2.0,
J07319+362N,112.98883,36.22983,3200,200,4.79,0.2,3289,32,5.1,0.13,-0.15,0.09,-0.09,0.09,3248,19,-0.93,0.05,-0.63,0.05,"YD  ",2.0,
"J07353+548 ",113.84117,54.84972,3500,200,4.86,0.2,3564,17,5.03,0.11,-0.42,0.07,-0.28,0.07,3572,13,-0.42,0.05,-0.28,0.05,"YD  ",2.0,
"J07361-031 ",114.0295,-3.11078,3700,200,4.7,0.2,3825,12,5.06,0.08,-0.07,0.05,-0.04,0.05,3841,9,-0.3,0.03,-0.2,0.03,"D   ",3.1,1.5
"J07386-212 ",353.36317,-8.92956,3300,200,4.92,0.2,3488,24,4.95,0.09,-0.16,0.07,-0.1,0.07,3490,21,-0.14,0.06,-0.08,0.06,"D   ",2.0,
"J07393+021 ",114.846,2.18367,3800,200,4.64,0.2,3980,11,5.03,0.06,0.01,0.03,0.01,0.03,3984,10,-0.17,0.03,-0.11,0.03,"YD  ",2.0,
"J07403-174 ",115.08071,-17.41275,2800,200,5.29,0.2,3031,26,5.03,0.17,0.04,0.18,0.04,0.18,3050,22,0.2,0.11,0.2,0.11,"D   ",2.0,
"J07446+035 ",116.16737,3.55247,3100,200,4.87,0.2,3251,34,5.11,0.14,-0.57,0.24,-0.39,0.24,3248,36,-0.63,0.17,-0.43,0.17,"YD  ",4.0,1.5
"J07472+503 ",116.80779,50.34403,3200,200,4.97,0.2,3251,59,4.92,0.18,-0.14,0.18,-0.08,0.18,3255,50,-0.2,0.25,-0.13,0.25,"D   ",10.1,1.5
"J07558+833 ",118.97471,83.38469,3200,200,4.98,0.2,3252,55,4.8,0.19,-0.36,0.21,-0.24,0.21,3253,50,-0.23,0.19,-0.15,0.19,"YD  ",12.1,1.5
"J07582+413 ",119.55292,41.30369,3200,200,4.95,0.2,3431,28,4.87,0.1,-0.22,0.08,-0.15,0.08,3438,26,-0.23,0.1,-0.15,0.1,"D   ",2.0,
"J08023+033 ",120.59533,3.33881,3300,200,4.86,0.2,3422,26,4.72,0.09,-0.36,0.09,-0.24,0.09,3416,27,-0.24,0.08,-0.16,0.08,"TD  ",2.0,
"J08119+087 ",122.98983,8.77306,3200,200,5.17,0.2,3245,23,5.24,0.08,-0.72,0.09,-0.49,0.09,3225,16,-0.8,0.07,-0.55,0.07,"TD  ",2.0,
"J08126-215 ",123.17037,-21.55194,3100,200,4.93,0.2,3356,44,4.88,0.12,-0.26,0.15,-0.18,0.15,3334,32,-0.22,0.1,-0.15,0.1,"D   ",2.0,
"J08161+013 ",124.03325,1.30258,3600,200,4.81,0.2,3570,18,4.98,0.14,-0.25,0.07,-0.17,0.07,3564,14,-0.3,0.06,-0.2,0.06,"D   ",2.0,
"J08293+039 ",127.34129,3.91925,3500,200,4.73,0.2,3651,17,4.97,0.13,-0.06,0.06,-0.03,0.06,3658,13,-0.19,0.04,-0.12,0.04,"YD  ",2.0,
"J08298+267 ",127.45562,26.776,2700,200,5.28,0.2,2997,49,5.16,0.18,0.01,0.19,0.01,0.19,3054,30,-0.16,0.16,-0.1,0.16,"YD  ",10.5,1.5
"J08315+730 ",127.8755,73.06272,3300,200,4.96,0.2,3364,42,4.9,0.1,-0.3,0.1,-0.2,0.1,3358,25,-0.32,0.1,-0.21,0.1,"D   ",2.0,
"J08358+680 ",128.95433,68.06919,3400,200,4.85,0.2,3496,16,5.11,0.1,-0.07,0.05,-0.04,0.05,3480,20,-0.16,0.04,-0.1,0.04,"D   ",2.0,
"J08402+314 ",130.06658,31.45189,3300,200,4.94,0.2,3426,23,4.88,0.09,-0.2,0.07,-0.13,0.07,3428,23,-0.15,0.07,-0.09,0.07,TD-D,2.0,
"J08409-234 ",130.24671,-23.45628,3300,200,4.78,0.2,3496,37,4.78,0.09,-0.05,0.08,-0.02,0.08,3489,35,-0.05,0.05,-0.02,0.05,TD-D,2.0,
"J08413+594 ",130.33387,59.49733,3000,200,5.23,0.2,3141,38,5.28,0.17,-0.12,0.16,-0.07,0.16,3124,35,-0.14,0.15,-0.08,0.15,"D   ",2.0,
"J08526+283 ",133.17025,28.31633,3100,200,4.94,0.2,3321,37,4.87,0.08,-0.16,0.11,-0.1,0.11,3308,39,-0.24,0.12,-0.16,0.12,"YD  ",2.0,
"J08536-034 ",133.40067,-3.49228,2300,200,5.33,0.2,,,,,,,,,,,,,,,"D   ",9.3,2.8
"J09003+218 ",135.09812,21.83469,2700,200,5.28,0.2,3061,43,5.17,0.21,-0.02,0.18,0.0,0.18,3088,36,-0.1,0.15,-0.06,0.15,"YD  ",14.3,1.5
"J09005+465 ",135.13533,46.58642,3100,200,5.04,0.2,3293,30,5.16,0.14,-0.06,0.08,-0.03,0.08,3286,32,-0.12,0.12,-0.07,0.12,"YD  ",2.0,
"J09028+680 ",135.72029,68.06294,3300,200,4.98,0.2,3328,42,4.96,0.08,-0.4,0.13,-0.27,0.13,3317,34,-0.45,0.11,-0.31,0.11,"D   ",2.0,
"J09033+056 ",135.83742,5.67078,2800,200,5.14,0.2,3027,19,5.09,0.12,-0.38,0.12,-0.25,0.12,3001,18,-0.21,0.1,-0.14,0.1,"D   ",9.7,1.5
"J09133+688 ",138.34937,68.87519,3500,200,4.65,0.2,3662,26,4.67,0.12,-0.38,0.09,-0.25,0.09,3653,23,-0.35,0.06,-0.23,0.06,"YD  ",2.0,
"J09140+196 ",138.51325,19.66828,3400,200,4.72,0.2,3561,19,5.04,0.11,-0.04,0.05,-0.02,0.05,3553,17,-0.24,0.04,-0.16,0.04,"YD  ",2.0,
"J09143+526 ",138.59492,52.68661,3900,200,4.65,0.2,4015,16,4.91,0.08,-0.19,0.05,-0.12,0.05,4004,9,-0.35,0.03,-0.23,0.03,"YD  ",3.0,
"J09144+526 ",138.60283,52.68636,3800,200,4.64,0.2,3983,12,5.17,0.07,-0.06,0.04,-0.03,0.04,3997,15,-0.33,0.03,-0.22,0.03,"YD  ",2.3,1.5
"J09161+018 ",139.04242,1.88578,3200,200,4.91,0.2,3237,60,4.84,0.19,-0.13,0.21,-0.08,0.21,3251,51,-0.09,0.28,-0.05,0.28,"D   ",10.4,1.5
"J09163-186 ",139.086,-18.62581,3600,200,4.78,0.2,3697,14,5.11,0.16,-0.06,0.06,-0.03,0.06,3700,13,-0.19,0.04,-0.12,0.04,"YD  ",2.0,
"J09307+003 ",142.68579,0.32267,3300,200,4.91,0.2,3460,27,4.9,0.08,-0.18,0.08,-0.11,0.08,3460,26,-0.12,0.07,-0.07,0.07,"D   ",2.0,
"J09360-216 ",144.00683,-21.66081,3400,200,4.87,0.2,3496,20,4.95,0.11,-0.35,0.07,-0.23,0.07,3485,19,-0.4,0.04,-0.27,0.04,"D   ",2.0,
"J09411+132 ",145.29317,13.20956,3600,200,4.77,0.2,3699,15,5.01,0.1,-0.03,0.04,-0.01,0.04,3688,20,-0.2,0.04,-0.13,0.04,"YD  ",2.0,
"J09423+559 ",145.59662,55.98369,3300,200,4.83,0.2,3439,29,4.79,0.06,-0.11,0.06,-0.06,0.06,3439,29,-0.07,0.06,-0.04,0.06,"D   ",2.0,
"J09425+700 ",145.64517,70.03389,3400,200,4.71,0.2,3547,23,5.02,0.12,0.0,0.03,0.0,0.03,3556,18,-0.29,0.06,-0.2,0.06,"YD  ",2.0,
"J09428+700 ",145.71554,70.03942,3400,200,4.79,0.2,3504,30,5.06,0.12,0.02,0.05,0.02,0.05,3503,20,-0.07,0.05,-0.04,0.05,"YD  ",2.0,
"J09439+269 ",145.98171,26.969,3300,200,4.82,0.2,3492,23,4.84,0.06,-0.1,0.05,-0.06,0.05,3494,21,-0.08,0.04,-0.04,0.04,"D   ",2.0,
"J09447-182 ",146.19729,-18.21361,3200,200,4.93,0.2,3417,31,4.84,0.11,-0.14,0.09,-0.08,0.09,3390,36,-0.15,0.11,-0.09,0.11,TD-D,2.0,
"J09449-123 ",146.22579,-12.34844,2900,200,4.86,0.2,3068,15,5.05,0.05,-0.21,0.07,-0.14,0.07,3032,13,-0.22,0.06,-0.15,0.06,"YD  ",31.2,3.1
"J09468+760 ",146.70204,76.04392,3700,200,4.75,0.2,3616,17,4.93,0.1,-0.47,0.04,-0.32,0.04,3601,14,-0.55,0.05,-0.38,0.05,"TD  ",2.0,
"J09511-123 ",147.79017,-12.32986,3700,200,4.72,0.2,3769,13,4.84,0.07,-0.34,0.03,-0.23,0.03,3778,11,-0.37,0.03,-0.25,0.03,"TD  ",2.0,
"J09561+627 ",149.03612,62.78847,3800,200,4.66,0.2,3938,13,5.03,0.08,-0.03,0.04,-0.01,0.04,3943,21,-0.16,0.04,-0.1,0.04,"YD  ",2.0,
"J10023+480 ",150.59062,48.08881,3700,200,4.67,0.2,3739,15,4.76,0.08,-0.21,0.04,-0.14,0.04,3744,13,-0.26,0.02,-0.18,0.02,"TD  ",2.0,
"J10088+692 ",152.21587,69.27656,3900,200,4.63,0.2,3952,15,4.94,0.08,-0.03,0.04,-0.01,0.04,3925,15,-0.21,0.03,-0.14,0.03,"D   ",2.0,
"J10122-037 ",153.07362,-3.74567,3600,200,4.72,0.2,3720,20,4.98,0.1,0.0,0.05,0.0,0.05,3714,21,-0.12,0.03,-0.07,0.03,"YD  ",2.0,
"J10125+570 ",153.14492,57.06361,3300,200,4.91,0.2,3474,24,4.9,0.08,-0.14,0.06,-0.08,0.06,3461,24,-0.13,0.06,-0.08,0.06,"YD  ",2.0,
"J10167-119 ",154.19146,-11.96178,3500,200,4.75,0.2,3552,20,4.84,0.09,-0.1,0.06,-0.06,0.06,3539,15,-0.17,0.04,-0.11,0.04,"D   ",2.0,
"J10185-117 ",154.64642,-11.71672,3300,200,4.83,0.2,3434,28,4.74,0.1,-0.27,0.1,-0.18,0.1,3433,29,-0.21,0.1,-0.14,0.1,"D   ",2.0,
"J10196+198 ",154.90117,19.87,3300,200,4.77,0.2,3477,23,5.12,0.12,-0.28,0.12,-0.19,0.12,3449,54,-0.61,0.24,-0.41,0.24,"YD  ",3.2,1.5
"J10251-102 ",156.29517,-10.22869,3700,200,4.73,0.2,3759,14,4.91,0.07,-0.02,0.04,0.0,0.04,3763,15,-0.13,0.02,-0.08,0.02,"YD  ",2.0,
"J10289+008 ",157.23146,0.841,3600,200,4.82,0.2,3588,24,5.15,0.15,-0.22,0.08,-0.15,0.08,3578,17,-0.39,0.06,-0.26,0.06,"YD  ",2.0,
"J10350-094 ",158.75467,-9.41072,3300,200,4.81,0.2,3512,20,4.85,0.08,-0.15,0.08,-0.09,0.08,3514,20,-0.16,0.06,-0.1,0.06,"D   ",2.0,
"J10360+051 ",159.00508,5.12022,3200,200,4.86,0.2,3268,16,5.14,0.08,-0.91,0.07,-0.62,0.07,3323,55,-0.77,0.24,-0.53,0.24,"D   ",2.9,1.6
"J10396-069 ",159.919,-6.92375,3400,200,4.73,0.2,3592,19,4.89,0.11,-0.14,0.07,-0.08,0.07,3581,17,-0.2,0.03,-0.13,0.03,"YD  ",2.0,
"J10416+376 ",160.40783,37.61089,3200,200,5.05,0.2,3298,27,4.87,0.08,-0.29,0.12,-0.2,0.12,3272,31,-0.38,0.14,-0.25,0.14,"D   ",2.0,
"J10482-113 ",162.05254,-11.336,2700,200,5.3,0.2,3029,25,5.33,0.16,-0.13,0.17,-0.08,0.17,3032,19,-0.19,0.16,-0.12,0.16,"D   ",2.1,1.5
"J10504+331 ",162.60837,33.10114,3200,200,4.78,0.2,3441,34,4.74,0.07,-0.06,0.06,-0.03,0.06,3435,33,-0.05,0.06,-0.02,0.06,"TD  ",2.0,
"J10508+068 ",162.71679,6.80814,3200,200,4.96,0.2,3410,42,4.92,0.13,-0.14,0.11,-0.08,0.11,3372,40,-0.25,0.13,-0.17,0.13,"YD  ",2.0,
"J10564+070 ",164.1205,7.01472,2800,200,5.23,0.2,3071,24,5.25,0.18,-0.09,0.2,-0.05,0.2,3060,18,-0.15,0.18,-0.09,0.18,"D   ",2.0,
"J10584-107 ",164.61662,-10.77514,3100,200,5.07,0.2,3218,23,5.23,0.11,-0.45,0.17,-0.31,0.17,3200,39,-0.55,0.15,-0.38,0.15,"YD  ",3.2,1.5
"J11000+228 ",165.01775,22.83294,3400,200,4.83,0.2,3532,21,5.04,0.14,-0.12,0.07,-0.07,0.07,3521,20,-0.18,0.04,-0.11,0.04,"YD  ",2.0,
"J11026+219 ",165.65975,21.96714,3700,200,4.68,0.2,3846,84,4.72,0.23,-0.3,0.14,-0.2,0.14,3833,8,-0.4,0.03,-0.27,0.03,"D   ",2.6,1.5
"J11033+359 ",165.83412,35.96989,3500,200,4.86,0.2,3557,26,4.95,0.14,-0.72,0.1,-0.49,0.1,3537,26,-0.76,0.06,-0.52,0.06,"TD  ",2.0,
"J11044+304 ",166.11896,30.45875,3200,200,4.83,0.2,3534,97,4.84,0.21,-0.72,0.17,-0.49,0.17,3513,91,-0.76,0.12,-0.52,0.12,"YD  ",2.0,
"J11054+435 ",166.36908,43.52678,3400,200,4.83,0.2,3628,19,5.01,0.13,-0.82,0.09,-0.56,0.09,3715,15,-0.52,0.04,-0.36,0.04,TD-D,2.0,
"J11055+435 ",166.37871,43.52164,2900,200,5.29,0.2,3278,86,5.25,0.2,-0.52,0.25,-0.36,0.25,3167,56,-0.63,0.21,-0.43,0.21,TD-D,8.2,2.7
J11110+304E,167.77154,30.44603,4100,200,4.6,0.2,4211,13,4.98,0.07,0.04,0.03,0.04,0.03,4195,15,-0.07,0.02,-0.04,0.02,"D   ",2.0,
J11110+304W,167.76058,30.44481,3600,200,4.68,0.2,3730,20,4.78,0.13,-0.09,0.07,-0.05,0.07,3730,22,-0.13,0.04,-0.08,0.04,"D   ",2.0,
"J11126+189 ",168.16237,18.93483,3600,200,4.7,0.2,3752,14,4.88,0.07,-0.02,0.03,0.0,0.03,3759,15,-0.13,0.02,-0.08,0.02,"D   ",2.0,
"J11201-104 ",170.02542,-10.49631,3600,200,4.72,0.2,3697,9,4.66,0.07,-0.39,0.06,-0.26,0.06,3697,9,-0.36,0.04,-0.24,0.04,"YD  ",3.6,1.5
"J11289+101 ",172.23442,10.17758,3300,200,4.96,0.2,3405,33,4.86,0.1,-0.27,0.1,-0.18,0.1,3383,32,-0.32,0.1,-0.21,0.1,"D   ",2.0,
"J11302+076 ",172.5605,7.58842,3400,200,4.76,0.2,3563,25,4.93,0.1,-0.13,0.1,-0.08,0.1,3565,23,-0.19,0.05,-0.12,0.05,"D   ",2.0,
"J11306-080 ",172.67429,-8.09528,3300,200,4.85,0.2,3486,28,4.9,0.08,-0.03,0.05,-0.01,0.05,3469,29,-0.04,0.03,-0.02,0.03,"YD  ",2.0,
"J11417+427 ",175.436,42.75197,3200,200,4.84,0.2,3387,43,4.83,0.1,-0.17,0.1,-0.11,0.1,3380,41,-0.18,0.11,-0.11,0.11,"YD  ",2.0,
"J11421+267 ",175.54621,26.70658,3400,200,4.79,0.2,3533,26,4.83,0.11,-0.19,0.1,-0.12,0.1,3507,22,-0.22,0.08,-0.15,0.08,"D   ",2.0,
"J11467-140 ",176.67879,-14.01439,3400,200,4.69,0.2,3565,20,4.77,0.11,-0.01,0.05,0.0,0.05,3597,16,-0.03,0.03,-0.01,0.03,"D   ",2.0,
"J11474+667 ",176.869,66.73406,3000,200,4.91,0.2,3219,35,4.98,0.18,-0.62,0.19,-0.42,0.19,3211,37,-0.73,0.2,-0.5,0.2,"YD  ",2.7,1.5
"J11476+002 ",176.91979,0.25558,3200,200,4.88,0.2,3282,19,5.16,0.1,-0.51,0.12,-0.35,0.12,3229,13,-0.98,0.02,-0.67,0.02,"YD  ",2.4,1.5
"J11476+786 ",176.92246,78.69117,3300,200,4.99,0.2,3361,45,4.93,0.12,-0.55,0.14,-0.38,0.14,3353,40,-0.53,0.14,-0.36,0.14,"TD  ",2.0,
"J11477+008 ",176.935,0.80456,3100,200,5.08,0.2,3325,43,5.09,0.14,-0.16,0.13,-0.1,0.13,3306,41,-0.19,0.14,-0.12,0.14,"D   ",2.0,
"J11509+483 ",177.7405,48.37739,3100,200,5.11,0.2,3282,38,5.09,0.09,-0.19,0.1,-0.12,0.1,3277,41,-0.25,0.15,-0.17,0.15,"D   ",2.0,
"J11511+352 ",177.78058,35.272,3600,200,4.78,0.2,3692,21,4.91,0.15,-0.38,0.08,-0.25,0.08,3703,18,-0.34,0.05,-0.23,0.05,"D   ",2.0,
"J12054+695 ",181.37367,69.53961,3200,200,4.91,0.2,3339,41,4.91,0.1,-0.1,0.11,-0.06,0.11,3332,34,-0.11,0.09,-0.06,0.09,"YD  ",2.0,
"J12100-150 ",182.52333,-15.07139,3200,200,4.82,0.2,3415,35,4.74,0.11,-0.12,0.1,-0.07,0.1,3391,31,-0.1,0.1,-0.06,0.1,"TD  ",2.0,
"J12111-199 ",182.799,-19.96058,3400,200,4.86,0.2,3517,18,4.92,0.09,-0.19,0.06,-0.12,0.06,3522,16,-0.19,0.05,-0.12,0.05,"YD  ",2.0,
J12123+544S,183.08692,54.48575,3800,200,4.65,0.2,3902,11,4.99,0.12,-0.14,0.07,-0.08,0.07,3889,13,-0.37,0.03,-0.25,0.03,"D   ",2.0,
"J12156+526 ",183.91404,52.65242,3300,200,4.69,0.2,3360,43,4.65,0.17,-0.28,0.14,-0.19,0.14,3384,39,-0.19,0.14,-0.12,0.14,"D   ",35.3,3.5
"J12189+111 ",184.7475,11.12606,2900,200,5.14,0.2,3064,32,5.06,0.17,-0.4,0.22,-0.27,0.22,3079,28,-0.4,0.19,-0.27,0.19,"YD  ",15.5,1.6
"J12230+640 ",185.75067,64.03083,3500,200,4.74,0.2,3563,28,4.8,0.13,-0.24,0.1,-0.16,0.1,3562,28,-0.27,0.07,-0.18,0.07,"D   ",2.0,
"J12248-182 ",186.21875,-18.24228,3500,200,5.0,0.2,3432,30,5.09,0.1,-0.88,0.09,-0.6,0.09,3414,17,-0.93,0.05,-0.63,0.05,"TD  ",2.0,
"J12312+086 ",187.81583,8.81061,3900,200,4.71,0.2,3896,11,5.07,0.11,-0.15,0.05,-0.09,0.05,3898,14,-0.35,0.03,-0.23,0.03,"D   ",2.0,
"J12350+098 ",188.75296,9.8285,3500,200,4.74,0.2,3556,16,4.82,0.07,-0.28,0.07,-0.19,0.07,3536,18,-0.31,0.05,-0.21,0.05,"D   ",2.0,
"J12373-208 ",189.33987,-20.87653,3200,200,4.77,0.2,3431,36,4.7,0.1,-0.06,0.07,-0.03,0.07,3434,34,0.03,0.05,0.03,0.05,"D   ",2.0,
"J12388+116 ",189.7185,11.69614,3300,200,4.73,0.2,3525,26,4.85,0.09,-0.01,0.06,0.0,0.06,3521,21,-0.06,0.04,-0.03,0.04,"D   ",2.0,
"J12428+418 ",190.70783,41.89642,3200,200,4.82,0.2,3328,25,5.05,0.14,-0.14,0.09,-0.08,0.09,3250,14,-0.07,0.07,-0.04,0.07,"YD  ",2.0,
"J12479+097 ",191.98592,9.75139,3200,200,4.88,0.2,3408,45,4.82,0.12,-0.23,0.13,-0.15,0.13,3413,33,-0.23,0.12,-0.15,0.12,"D   ",2.0,
"J13005+056 ",195.13967,5.68556,3000,200,5.06,0.2,3158,38,4.7,0.12,-0.53,0.11,-0.36,0.11,3140,39,-0.07,0.17,-0.04,0.17,"D   ",16.4,1.6
"J13102+477 ",197.55262,47.75519,3000,200,5.11,0.2,3221,21,5.25,0.12,-0.37,0.13,-0.25,0.13,3226,35,-0.34,0.18,-0.23,0.18,"D   ",2.0,
"J13119+658 ",197.99817,65.83381,3600,200,4.8,0.2,3686,16,4.83,0.07,-0.43,0.05,-0.29,0.05,3672,35,-0.36,0.09,-0.24,0.09,"D   ",2.0,
"J13196+333 ",199.91721,33.34653,3600,200,4.66,0.2,3799,11,4.67,0.11,-0.02,0.04,0.0,0.04,3799,11,-0.03,0.03,-0.01,0.03,"YD  ",2.0,
"J13209+342 ",200.24187,34.27894,3700,200,4.71,0.2,3720,13,4.76,0.09,-0.22,0.04,-0.15,0.04,3732,11,-0.28,0.03,-0.19,0.03,"D   ",2.0,
"J13229+244 ",200.73646,24.46767,3200,200,4.95,0.2,3327,44,4.93,0.09,-0.44,0.13,-0.3,0.13,3331,37,-0.36,0.1,-0.24,0.1,"D   ",2.0,
"J13255+688 ",201.38237,68.83628,3900,200,4.65,0.2,4049,41,4.96,0.13,0.1,0.04,0.1,0.04,4016,38,0.0,0.06,0.0,0.06,"D   ",2.0,
J13283-023W,202.08783,-2.36031,3400,200,4.77,0.2,3554,28,4.86,0.13,-0.12,0.09,-0.07,0.09,3535,16,-0.13,0.04,-0.08,0.04,"D   ",2.0,
"J13293+114 ",202.33879,11.44075,3400,200,4.78,0.2,3455,24,4.83,0.07,-0.17,0.06,-0.11,0.06,3458,23,-0.17,0.05,-0.11,0.05,"TD  ",2.0,
"J13299+102 ",202.49912,10.37717,3700,200,4.75,0.2,3765,18,4.95,0.1,-0.19,0.05,-0.12,0.05,3773,16,-0.29,0.04,-0.2,0.04,"D   ",2.0,
"J13427+332 ",205.68029,33.29008,3200,200,4.94,0.2,3430,28,4.88,0.09,-0.21,0.09,-0.14,0.09,3427,33,-0.16,0.07,-0.1,0.07,"D   ",2.0,
"J13450+176 ",206.27117,17.78544,3900,200,4.77,0.2,3829,10,4.99,0.06,-0.79,0.03,-0.54,0.03,3849,14,-0.78,0.04,-0.54,0.04,"TD  ",2.3,1.5
"J13457+148 ",206.43242,14.89153,3600,200,4.74,0.2,3620,24,4.93,0.12,-0.49,0.07,-0.34,0.07,3591,17,-0.69,0.05,-0.47,0.05,"D   ",2.0,
"J13458-179 ",206.46129,-17.96822,3300,200,4.88,0.2,3443,29,4.78,0.1,-0.16,0.09,-0.1,0.09,3435,29,-0.15,0.09,-0.09,0.09,"D   ",2.0,
"J13536+776 ",208.41167,77.61894,3200,200,4.94,0.2,3198,83,4.94,0.21,-0.01,0.3,0.0,0.3,3192,80,-0.01,0.25,0.0,0.25,"D   ",8.9,1.5
"J13582+125 ",209.558,12.57886,3300,200,5.03,0.2,3442,27,5.13,0.13,-0.14,0.09,-0.08,0.09,3461,29,-0.08,0.06,-0.04,0.06,"D   ",2.0,
"J13591-198 ",209.79337,-19.83436,3100,200,4.95,0.2,3261,20,5.12,0.1,-0.22,0.07,-0.15,0.07,3292,16,-0.04,0.03,-0.02,0.03,"YD  ",3.2,1.5
"J14010-026 ",210.26329,-2.65486,3700,200,4.74,0.2,3719,15,4.89,0.09,-0.24,0.04,-0.16,0.04,3726,13,-0.32,0.03,-0.21,0.03,"D   ",2.0,
"J14082+805 ",212.05408,80.59728,3700,200,4.65,0.2,3803,12,4.8,0.09,-0.04,0.05,-0.02,0.05,3805,12,-0.11,0.03,-0.06,0.03,"D   ",2.0,
"J14152+450 ",213.82075,45.01481,3400,200,4.77,0.2,3516,16,4.85,0.06,-0.07,0.05,-0.04,0.05,3515,13,-0.13,0.04,-0.08,0.04,"D   ",2.0,
"J14173+454 ",214.34208,45.42944,3100,200,4.94,0.2,3222,24,5.19,0.07,-0.74,0.07,-0.51,0.07,3150,28,-0.1,0.07,-0.06,0.07,"D   ",15.9,1.6
"J14251+518 ",216.29825,51.83142,3400,200,4.8,0.2,3551,22,4.9,0.1,-0.21,0.06,-0.14,0.06,3550,12,-0.25,0.04,-0.17,0.04,"D   ",2.0,
J14257+236E,216.44437,23.62047,3800,200,4.65,0.2,3933,12,4.71,0.11,0.09,0.04,0.09,0.04,3873,12,-0.08,0.04,-0.04,0.04,TD-D,2.0,
J14257+236W,216.43112,23.61708,3800,200,4.62,0.2,3985,13,4.89,0.08,0.07,0.04,0.07,0.04,3954,13,-0.05,0.03,-0.02,0.03,"D   ",2.0,
"J14294+155 ",217.37375,15.53264,3500,200,4.7,0.2,3660,17,4.75,0.09,-0.24,0.06,-0.16,0.06,3687,14,-0.18,0.03,-0.11,0.03,"TD  ",2.0,
"J14307-086 ",217.69883,-8.64633,4000,200,4.64,0.2,4037,13,4.82,0.07,0.01,0.03,0.01,0.03,4029,12,-0.01,0.02,0.0,0.02,TD-D,2.4,1.5
"J14310-122 ",217.75483,-12.29608,3200,200,4.87,0.2,3450,28,4.79,0.08,-0.23,0.07,-0.15,0.07,3448,30,-0.2,0.08,-0.13,0.08,"YD  ",2.0,
"J14321+081 ",218.03546,8.192,2800,200,5.14,0.2,3161,86,5.04,0.21,-0.13,0.32,-0.08,0.32,3187,77,-0.17,0.25,-0.11,0.25,"YD  ",6.3,1.5
"J14342-125 ",218.57004,-12.51956,3100,200,4.89,0.2,3347,50,4.76,0.13,-0.26,0.15,-0.18,0.15,3330,35,-0.22,0.13,-0.15,0.13,"D   ",2.0,
"J14524+123 ",223.11887,12.39244,3500,200,4.7,0.2,3703,21,4.88,0.13,0.04,0.07,0.04,0.07,3689,15,-0.04,0.03,-0.02,0.03,"D   ",2.0,
"J14544+355 ",223.61629,35.54917,3300,200,4.86,0.2,3433,29,4.82,0.12,-0.13,0.08,-0.08,0.08,3432,29,-0.09,0.07,-0.05,0.07,"D   ",2.0,
"J15013+055 ",225.33379,5.54875,3300,200,4.85,0.2,3502,22,4.98,0.09,-0.05,0.05,-0.02,0.05,3503,18,-0.1,0.04,-0.06,0.04,"D   ",2.0,
"J15095+031 ",227.39829,3.16683,3400,200,4.78,0.2,3545,17,4.86,0.09,-0.14,0.07,-0.08,0.07,3544,16,-0.19,0.04,-0.12,0.04,"D   ",2.0,
"J15194-077 ",229.86179,-7.72228,3300,200,4.9,0.2,3500,26,4.97,0.11,-0.14,0.07,-0.08,0.07,3495,26,-0.17,0.08,-0.11,0.08,"YD  ",2.0,
"J15218+209 ",230.47054,20.97775,3500,200,4.67,0.2,3611,16,4.81,0.11,-0.24,0.09,-0.16,0.09,3697,9,-0.35,0.03,-0.23,0.03,"D   ",4.3,1.5
"J15305+094 ",232.62637,9.43372,3000,200,5.26,0.2,3073,15,5.16,0.05,-0.43,0.08,-0.29,0.08,3085,13,-0.39,0.08,-0.26,0.08,"D   ",16.3,1.6
"J15369-141 ",234.24425,-14.13383,3200,200,4.89,0.2,3428,33,4.75,0.08,-0.11,0.07,-0.06,0.07,3400,36,-0.1,0.1,-0.06,0.1,"D   ",2.0,
"J15474-108 ",236.85229,-10.89647,3500,200,4.76,0.2,3481,29,5.0,0.14,-0.7,0.11,-0.48,0.11,3459,21,-0.84,0.06,-0.57,0.06,"D   ",3.0,1.5
"J15499+796 ",237.47983,79.66433,3000,200,4.93,0.2,3095,15,5.07,0.09,-0.25,0.09,-0.17,0.09,3066,17,-0.2,0.14,-0.13,0.14,"YD  ",26.9,2.7
"J15583+354 ",239.57833,35.40675,3300,200,4.91,0.2,3478,32,4.91,0.1,-0.16,0.08,-0.1,0.08,3472,29,-0.16,0.08,-0.1,0.08,"D   ",2.0,
"J15598-082 ",239.97242,-8.25319,3600,200,4.75,0.2,3707,14,5.05,0.07,-0.04,0.04,-0.02,0.04,3731,17,-0.25,0.04,-0.17,0.04,"D   ",2.0,
"J16028+205 ",240.71225,20.58917,3200,200,4.98,0.2,3362,34,4.97,0.1,-0.16,0.12,-0.1,0.12,3346,39,-0.19,0.11,-0.12,0.11,TD-D,2.0,
"J16092+093 ",242.31779,9.35208,3300,200,4.82,0.2,3517,18,5.06,0.1,-0.03,0.04,-0.01,0.04,3525,11,-0.14,0.03,-0.08,0.03,"D   ",2.0,
"J16102-193 ",242.56142,-19.31928,3100,200,4.41,0.2,3575,55,4.48,0.19,-0.04,0.07,-0.02,0.07,3552,46,-0.02,0.06,0.0,0.06,"YD  ",7.3,1.5
J16167+672N,244.18879,67.25625,3400,200,4.74,0.2,3569,32,4.97,0.11,-0.04,0.06,-0.02,0.06,3532,32,-0.08,0.05,-0.04,0.05,"YD  ",2.0,
J16167+672S,244.17812,67.23883,4000,200,4.64,0.2,4034,17,4.78,0.09,0.0,0.04,0.0,0.04,4039,12,-0.02,0.03,-0.01,0.03,"D   ",2.7,1.5
"J16254+543 ",246.35258,54.30411,3600,200,4.94,0.2,3595,19,5.09,0.13,-0.42,0.07,-0.28,0.07,3573,20,-0.67,0.06,-0.46,0.06,"YD  ",2.0,
"J16303-126 ",247.57525,-12.66258,3300,200,4.93,0.2,3426,33,4.89,0.1,-0.22,0.11,-0.15,0.11,3426,36,-0.21,0.11,-0.14,0.11,"YD  ",2.0,
"J16313+408 ",247.82829,40.86436,2900,200,5.1,0.2,3170,42,4.86,0.13,-0.69,0.11,-0.47,0.11,3298,49,-0.73,0.12,-0.5,0.12,"YD  ",7.1,1.5
"J16327+126 ",248.18829,12.61278,3500,200,4.84,0.2,3486,21,4.92,0.09,-0.28,0.07,-0.19,0.07,3492,18,-0.26,0.06,-0.18,0.06,TD-D,2.0,
"J16462+164 ",251.55725,16.478,3400,200,4.78,0.2,3560,21,4.9,0.1,-0.15,0.07,-0.09,0.07,3547,15,-0.2,0.04,-0.13,0.04,"D   ",2.0,
J16554-083N,253.85508,-8.32258,3300,200,5.06,0.2,3397,33,5.07,0.12,-0.25,0.1,-0.17,0.1,3413,25,-0.27,0.1,-0.18,0.1,"D   ",2.0,
"J16555-083 ",253.89692,-8.39467,2600,200,5.29,0.2,3005,21,5.25,0.18,-0.08,0.09,-0.04,0.09,2989,20,0.0,0.11,0.0,0.11,"D   ",5.4,1.5
"J16570-043 ",254.27392,-4.34897,3300,200,5.02,0.2,3206,14,4.81,0.08,-0.89,0.03,-0.6,0.03,3204,8,-0.94,0.04,-0.64,0.04,"YD  ",10.1,1.5
"J16581+257 ",254.53687,25.74417,3600,200,4.71,0.2,3782,17,4.87,0.09,-0.09,0.05,-0.05,0.05,3785,14,-0.2,0.04,-0.13,0.04,"D   ",2.0,
"J17033+514 ",255.8495,51.40636,3000,200,5.04,0.2,3273,32,4.92,0.14,-0.19,0.17,-0.12,0.17,3249,33,-0.3,0.18,-0.2,0.18,"D   ",2.0,
"J17052-050 ",256.30742,-5.09422,3500,200,4.74,0.2,3587,14,4.89,0.1,-0.57,0.07,-0.39,0.07,3583,13,-0.6,0.05,-0.41,0.05,TD-D,2.0,
"J17071+215 ",256.78121,21.55403,3400,200,4.82,0.2,3534,30,4.94,0.13,-0.22,0.11,-0.15,0.11,3545,16,-0.21,0.05,-0.14,0.05,"D   ",2.0,
"J17115+384 ",257.89479,38.44275,3300,200,4.81,0.2,3472,35,4.74,0.08,-0.13,0.08,-0.08,0.08,3475,32,-0.12,0.07,-0.07,0.07,"D   ",2.0,
"J17166+080 ",259.17075,8.05839,3500,200,4.82,0.2,3567,19,4.89,0.11,-0.38,0.09,-0.25,0.09,3573,16,-0.37,0.07,-0.25,0.07,"YD  ",2.0,
"J17198+417 ",259.96962,41.71381,3400,200,4.84,0.2,3540,20,4.96,0.12,-0.3,0.07,-0.2,0.07,3540,16,-0.28,0.06,-0.19,0.06,"D   ",2.0,
"J17303+055 ",262.59471,5.54853,3800,200,4.72,0.2,3821,9,4.93,0.1,-0.35,0.06,-0.23,0.06,3837,7,-0.39,0.03,-0.26,0.03,"YD  ",2.0,
"J17338+169 ",263.4715,16.92022,2900,200,4.86,0.2,3048,11,4.95,0.13,-0.05,0.06,-0.02,0.06,3017,10,-0.09,0.05,-0.05,0.05,"YD  ",41.5,7.7
"J17355+616 ",263.74829,61.87456,3700,200,4.68,0.2,3847,13,5.02,0.11,-0.06,0.06,-0.03,0.06,3856,11,-0.22,0.03,-0.15,0.03,"D   ",2.0,
"J17364+683 ",264.10792,68.33914,3300,200,4.84,0.2,3389,81,4.89,0.15,-0.1,0.13,-0.06,0.13,3385,79,-0.14,0.12,-0.08,0.12,"D   ",2.0,
"J17378+185 ",264.47229,18.59172,3700,200,4.82,0.2,3663,19,5.03,0.12,-0.58,0.07,-0.4,0.07,3710,15,-0.48,0.05,-0.33,0.05,"D   ",2.0,
"J17542+073 ",268.57133,7.37911,3200,200,4.92,0.2,3312,30,4.86,0.08,-0.19,0.09,-0.12,0.09,3289,31,-0.39,0.12,-0.26,0.12,"D   ",2.0,
"J17578+046 ",269.45208,4.69336,3200,200,5.12,0.2,3254,32,5.13,0.12,-0.84,0.1,-0.57,0.1,3240,27,-0.86,0.09,-0.59,0.09,"TD  ",2.0,
"J17578+465 ",269.46237,46.58864,3300,200,4.79,0.2,3507,23,4.93,0.09,-0.04,0.06,-0.02,0.06,3509,18,-0.11,0.05,-0.06,0.05,"YD  ",2.0,
"J18022+642 ",270.56917,64.26228,3000,200,5.09,0.2,3213,43,5.15,0.12,-0.67,0.15,-0.46,0.15,3198,37,-0.69,0.12,-0.47,0.12,"D   ",11.3,1.5
"J18027+375 ",270.69275,37.5175,3000,200,5.15,0.2,3210,39,5.02,0.18,-0.08,0.17,-0.04,0.17,3186,27,-0.22,0.21,-0.15,0.21,"D   ",2.0,
"J18051-030 ",271.28158,-3.03133,3700,200,4.8,0.2,3706,13,5.14,0.1,-0.3,0.06,-0.2,0.07,3709,15,-0.41,0.04,-0.28,0.04,"D   ",2.0,
"J18075-159 ",271.88683,-15.96308,3000,200,5.1,0.2,3220,22,5.23,0.11,-0.54,0.13,-0.37,0.13,3192,19,-0.78,0.06,-0.54,0.06,"D   ",2.2,1.5
"J18131+260 ",273.27737,26.03108,3200,200,4.89,0.2,3271,63,4.83,0.16,-0.52,0.13,-0.36,0.13,3268,53,-0.54,0.13,-0.37,0.13,"D   ",5.9,1.5
"J18165+048 ",274.13142,4.87939,3000,200,5.07,0.2,3240,36,4.97,0.13,-0.26,0.14,-0.18,0.14,3258,38,-0.22,0.22,-0.15,0.22,"D   ",2.0,
"J18174+483 ",274.35471,48.36731,3500,200,4.68,0.2,3605,29,4.87,0.17,-0.47,0.11,-0.32,0.11,3633,41,-0.46,0.12,-0.31,0.12,"YD  ",2.0,
J18180+387E,274.51762,38.77572,3200,200,4.87,0.2,3495,20,5.01,0.1,-0.21,0.07,-0.14,0.07,3430,47,-0.62,0.19,-0.42,0.19,"D   ",2.0,
"J18189+661 ",274.73846,66.19258,3100,200,5.17,0.2,3172,45,4.97,0.15,-0.68,0.16,-0.46,0.16,3146,44,-0.66,0.19,-0.45,0.19,"D   ",15.3,1.5
"J18198-019 ",274.96183,-1.93861,4000,200,4.64,0.2,4155,14,5.01,0.06,-0.21,0.04,-0.14,0.04,4215,5,-0.33,0.03,-0.22,0.03,"YD  ",3.0,
"J18221+063 ",275.52783,6.34378,3400,200,4.96,0.2,3397,28,4.89,0.09,-0.5,0.11,-0.35,0.11,3388,25,-0.53,0.09,-0.36,0.09,"TD  ",2.0,
"J18224+620 ",275.61308,62.05056,3100,200,5.13,0.2,3294,43,5.12,0.15,-0.1,0.11,-0.06,0.11,3278,37,-0.26,0.18,-0.18,0.18,"D   ",2.0,
"J18319+406 ",277.99325,40.68639,3300,200,4.85,0.2,3492,25,4.92,0.09,-0.07,0.06,-0.04,0.06,3489,24,-0.07,0.04,-0.04,0.04,"YD  ",2.0,
"J18346+401 ",278.65271,40.124,3200,200,4.76,0.2,3447,46,4.69,0.11,-0.06,0.09,-0.03,0.09,3458,47,0.02,0.06,0.02,0.06,"D   ",2.0,
"J18353+457 ",278.82662,45.74403,3800,200,4.66,0.2,3876,11,4.82,0.09,-0.08,0.08,-0.04,0.08,3864,8,-0.28,0.02,-0.19,0.02,"D   ",2.0,
"J18356+329 ",278.90783,32.99814,2400,200,5.36,0.2,,,,,,,,,,,,,,,"D   ",49.2,4.9
"J18363+136 ",279.08012,13.60733,3200,200,4.94,0.2,3335,28,5.18,0.12,-0.15,0.08,-0.09,0.08,3398,37,-0.04,0.03,-0.02,0.03,"YD  ",2.0,
"J18409-133 ",280.23879,-13.37961,3700,200,4.7,0.2,3799,12,4.88,0.08,-0.04,0.05,-0.02,0.05,3801,12,-0.14,0.04,-0.08,0.04,"D   ",2.0,
"J18419+318 ",280.496,31.8305,3300,200,4.84,0.2,3519,20,4.93,0.1,-0.3,0.08,-0.2,0.08,3521,16,-0.23,0.06,-0.15,0.06,"D   ",2.0,
J18427+596N,280.69458,59.63039,3300,200,4.84,0.2,3473,34,4.9,0.11,-0.46,0.12,-0.31,0.12,3466,31,-0.44,0.13,-0.3,0.13,"D   ",2.0,
J18427+596S,280.69537,59.62686,3300,200,4.9,0.2,3393,48,4.98,0.12,-0.56,0.18,-0.38,0.18,3440,49,-0.39,0.2,-0.26,0.2,"D   ",2.0,
"J18480-145 ",282.00529,-14.58089,3400,200,4.83,0.2,3540,29,4.92,0.11,-0.2,0.06,-0.13,0.06,3544,15,-0.23,0.05,-0.15,0.05,"D   ",2.0,
"J18482+076 ",282.07308,7.68922,2900,200,5.14,0.2,3175,39,5.1,0.16,-0.19,0.13,-0.12,0.13,3169,32,-0.14,0.14,-0.08,0.14,"YD  ",2.4,1.5
"J18498-238 ",282.45567,-23.83625,3200,200,5.1,0.2,3340,30,5.23,0.11,-0.63,0.1,-0.43,0.1,3268,17,-0.97,0.03,-0.66,0.03,"D   ",3.0,1.5
"J18580+059 ",284.50058,5.90811,3800,200,4.68,0.2,3857,10,4.73,0.09,-0.22,0.05,-0.15,0.05,3858,7,-0.24,0.02,-0.16,0.02,"D   ",2.0,
"J19070+208 ",286.77321,20.88803,3600,200,4.94,0.2,3543,21,5.03,0.12,-0.68,0.07,-0.46,0.07,3538,20,-0.75,0.06,-0.52,0.06,"D   ",2.0,
"J19072+208 ",286.805,20.87703,3600,200,4.94,0.2,3558,19,5.06,0.1,-0.67,0.06,-0.46,0.06,3548,19,-0.75,0.05,-0.52,0.05,"D   ",2.0,
"J19084+322 ",287.12471,32.281,3300,200,4.85,0.2,3501,25,4.92,0.09,-0.13,0.07,-0.08,0.07,3503,21,-0.17,0.06,-0.11,0.06,"YD  ",2.0,
"J19098+176 ",287.46196,17.66844,3100,200,5.07,0.2,3277,34,4.93,0.13,-0.21,0.16,-0.14,0.16,3281,53,-0.18,0.19,-0.11,0.19,"D   ",2.0,
J19169+051N,289.23025,5.16889,3400,200,4.72,0.2,3575,25,4.88,0.12,-0.14,0.08,-0.08,0.08,3597,28,-0.22,0.06,-0.15,0.06,"D   ",2.0,
J19169+051S,289.24004,5.15044,2500,200,5.29,0.2,,,,,,,,,,,,,,,"D   ",2.7,2.2
J19206+731S,259.01733,72.16117,3200,200,4.94,0.2,3448,77,4.82,0.16,-0.11,0.12,-0.06,0.12,3447,98,-0.06,0.14,-0.03,0.14,"D   ",2.0,
"J19216+208 ",290.41125,20.86758,3100,200,5.05,0.2,3278,35,5.05,0.12,-0.25,0.13,-0.17,0.13,3279,35,-0.26,0.12,-0.18,0.12,"D   ",2.0,
"J19251+283 ",291.28533,28.35383,3300,200,4.84,0.2,3472,29,4.9,0.08,-0.09,0.07,-0.05,0.07,3476,26,-0.1,0.05,-0.06,0.05,"D   ",2.0,
"J19255+096 ",291.37879,9.63981,2400,200,5.12,0.2,,,,,,,,,,,,,,,"YD  ",34.7,3.5
"J19346+045 ",293.666,4.5825,4000,200,4.68,0.2,4093,24,4.92,0.07,-0.34,0.05,-0.22,0.05,4165,13,-0.47,0.04,-0.32,0.04,"D   ",3.9,1.5
"J19422-207 ",295.55342,-20.76333,3100,200,5.04,0.2,3241,54,4.81,0.15,-0.71,0.1,-0.49,0.1,3341,41,-0.77,0.09,-0.53,0.09,"YD  ",6.2,1.5
"J19511+464 ",297.78883,46.48339,3200,200,4.98,0.2,3177,39,5.0,0.15,0.16,0.19,0.16,0.19,3213,34,0.1,0.14,0.1,0.14,"YD  ",22.5,2.3
"J20093-012 ",302.32604,-1.22731,3000,200,5.12,0.2,3301,90,4.96,0.17,-0.74,0.15,-0.51,0.15,3388,79,-0.8,0.13,-0.55,0.13,"D   ",4.3,1.5
"J20260+585 ",306.52208,58.57297,3000,200,5.11,0.2,3223,49,4.97,0.15,-0.23,0.24,-0.15,0.24,3216,47,-0.16,0.23,-0.1,0.23,"D   ",2.0,
"J20305+654 ",307.63354,65.44956,3400,200,4.83,0.2,3514,23,5.06,0.11,-0.06,0.06,-0.03,0.06,3525,13,-0.15,0.04,-0.09,0.04,"D   ",2.0,
"J20336+617 ",308.418,61.75378,3200,200,4.8,0.2,3406,32,4.76,0.14,-0.16,0.12,-0.1,0.12,3401,32,-0.05,0.09,-0.02,0.09,"D   ",2.0,
"J20405+154 ",310.14108,15.49964,3100,200,5.07,0.2,3263,36,5.02,0.12,-0.16,0.11,-0.1,0.11,3281,37,-0.18,0.15,-0.11,0.15,"D   ",2.0,
"J20450+444 ",311.26708,44.49906,3600,200,4.83,0.2,3600,16,4.98,0.12,-0.42,0.07,-0.28,0.07,3603,18,-0.48,0.06,-0.33,0.06,"YD  ",2.0,
"J20451-313 ",311.28971,-31.34089,3600,200,4.54,0.2,3768,20,4.65,0.18,0.01,0.06,0.01,0.06,3799,13,-0.17,0.03,-0.11,0.03,"YD  ",7.5,1.5
"J20525-169 ",313.13758,-16.97472,3100,200,4.97,0.2,3382,40,5.01,0.12,-0.07,0.09,-0.04,0.09,3374,41,-0.07,0.08,-0.04,0.08,"D   ",2.0,
"J20533+621 ",313.33246,62.15439,3700,200,4.7,0.2,3815,16,4.83,0.14,-0.16,0.08,-0.1,0.08,3814,15,-0.24,0.04,-0.16,0.04,"D   ",2.0,
J20556-140S,313.90467,-14.06525,3100,200,5.16,0.2,3193,23,4.98,0.1,-0.53,0.11,-0.36,0.11,3205,21,-0.45,0.08,-0.31,0.08,"TD  ",2.0,
"J20567-104 ",314.19417,-10.44853,3300,200,4.7,0.2,3560,27,4.91,0.09,-0.07,0.06,-0.04,0.06,3547,16,-0.21,0.04,-0.14,0.04,"TD  ",2.0,
"J21019-063 ",315.49433,-6.31875,3400,200,4.74,0.2,3568,20,4.95,0.1,-0.07,0.06,-0.04,0.06,3554,18,-0.21,0.04,-0.14,0.04,"D   ",2.0,
"J21152+257 ",318.8025,25.79597,3400,200,4.65,0.2,3611,25,4.67,0.16,0.05,0.05,0.05,0.05,3682,18,0.08,0.03,0.08,0.03,"D   ",2.0,
"J21164+025 ",319.11367,2.58094,3400,200,4.79,0.2,3550,23,4.88,0.11,-0.13,0.09,-0.08,0.09,3533,21,-0.17,0.06,-0.11,0.06,"YD  ",2.0,
"J21221+229 ",320.52617,22.93142,3700,200,4.75,0.2,3761,17,5.0,0.1,-0.27,0.05,-0.18,0.08,3776,14,-0.36,0.05,-0.24,0.05,"D   ",2.0,
"J21348+515 ",323.70975,51.53711,3400,200,4.76,0.2,3525,23,4.87,0.1,-0.15,0.08,-0.09,0.08,3528,19,-0.22,0.05,-0.15,0.05,"YD  ",2.0,
"J21463+382 ",326.59196,38.21806,3300,200,5.1,0.2,3247,21,4.84,0.11,-0.86,0.09,-0.59,0.09,3265,27,-0.69,0.1,-0.47,0.1,"TD  ",2.0,
"J21466+668 ",326.66767,66.80294,3200,200,4.91,0.2,3409,38,4.85,0.11,-0.15,0.11,-0.09,0.11,3396,38,-0.2,0.13,-0.13,0.13,"YD  ",2.0,
"J21466-001 ",326.66842,-0.17328,3200,200,4.94,0.2,3408,29,4.82,0.09,-0.21,0.08,-0.14,0.08,3381,28,-0.2,0.1,-0.13,0.1,"D   ",2.0,
"J21474+627 ",326.85329,62.75386,3900,200,4.67,0.2,4029,13,4.98,0.04,-0.03,0.03,-0.01,0.03,4001,6,-0.25,0.02,-0.17,0.02,"D   ",2.0,
"J22012+283 ",330.30467,28.30692,3200,200,4.92,0.2,3195,29,5.0,0.16,0.03,0.11,0.03,0.11,3195,29,0.0,0.1,0.0,0.1,"YD  ",35.4,3.5
"J22020-194 ",330.50317,-19.48308,3300,200,4.88,0.2,3474,23,4.85,0.07,-0.17,0.07,-0.11,0.07,3471,24,-0.15,0.08,-0.09,0.08,"D   ",2.0,
"J22021+014 ",330.54283,1.40022,3800,200,4.68,0.2,3882,12,4.97,0.07,-0.02,0.04,0.0,0.04,3869,10,-0.29,0.03,-0.2,0.03,"D   ",2.0,
"J22057+656 ",331.439,65.64875,3700,200,4.77,0.2,3707,17,4.86,0.11,-0.3,0.06,-0.2,0.06,3715,19,-0.32,0.04,-0.21,0.04,"D   ",2.0,
"J22096-046 ",332.41808,-4.64075,3400,200,4.75,0.2,3540,31,4.81,0.11,-0.02,0.07,0.0,0.07,3531,32,-0.04,0.05,-0.02,0.05,"YD  ",2.0,
"J22114+409 ",332.85067,40.99964,3000,200,5.14,0.2,3132,30,5.15,0.16,-0.07,0.12,-0.04,0.12,3145,27,-0.12,0.14,-0.07,0.14,"YD  ",2.0,
"J22115+184 ",332.87537,18.42619,3500,200,4.69,0.2,3704,20,4.77,0.12,-0.01,0.06,0.0,0.06,3696,20,-0.05,0.03,-0.02,0.03,"D   ",2.0,
"J22125+085 ",333.14975,8.55322,3400,200,4.84,0.2,3528,25,4.9,0.13,-0.3,0.09,-0.2,0.09,3534,23,-0.26,0.07,-0.18,0.07,"D   ",2.0,
"J22137-176 ",333.42858,-17.68575,3100,200,5.09,0.2,3256,41,5.0,0.1,-0.41,0.16,-0.28,0.16,3262,41,-0.4,0.14,-0.27,0.14,"D   ",2.0,
"J22231-176 ",335.77917,-17.60731,3000,200,5.08,0.2,3228,19,5.26,0.13,-0.19,0.1,-0.12,0.14,3231,19,-0.15,0.1,-0.09,0.1,"D   ",2.0,
"J22252+594 ",336.32112,59.41383,3200,200,4.77,0.2,3448,40,4.76,0.1,-0.06,0.08,-0.03,0.08,3446,41,-0.04,0.06,-0.02,0.06,"D   ",2.0,
"J22298+414 ",337.45412,41.48017,3200,200,4.98,0.2,3332,32,4.88,0.07,-0.26,0.1,-0.18,0.1,3314,25,-0.3,0.11,-0.2,0.11,"D   ",2.0,
"J22330+093 ",338.25929,9.37797,3700,200,4.78,0.2,3722,16,4.98,0.11,-0.3,0.05,-0.2,0.05,3721,14,-0.41,0.04,-0.28,0.04,"YD  ",2.0,
"J22468+443 ",341.70721,44.334,3200,200,4.87,0.2,3306,30,5.06,0.13,-0.89,0.09,-0.6,0.09,3342,49,-0.81,0.19,-0.55,0.19,"D   ",3.5,1.5
"J22503-070 ",342.58092,-7.09011,3800,200,4.7,0.2,3900,10,5.01,0.09,-0.13,0.04,-0.08,0.04,3904,11,-0.34,0.02,-0.23,0.02,"D   ",2.0,
"J22518+317 ",342.97308,31.75422,3300,200,4.74,0.2,3335,44,4.68,0.14,-0.45,0.18,-0.31,0.18,3407,20,-0.34,0.13,-0.23,0.13,"YD  ",13.4,1.5
"J22532-142 ",343.31971,-14.26369,3200,200,4.87,0.2,3421,40,4.83,0.1,-0.11,0.1,-0.06,0.1,3409,40,-0.17,0.12,-0.11,0.12,"YD  ",2.0,
"J22559+178 ",343.99937,17.81106,3700,200,4.69,0.2,3814,12,4.9,0.08,0.02,0.03,0.02,0.03,3813,9,-0.18,0.03,-0.11,0.03,"D   ",2.0,
"J22565+165 ",344.145,16.55344,3600,200,4.68,0.2,3798,21,4.8,0.12,0.03,0.06,0.03,0.06,3799,19,-0.07,0.04,-0.04,0.04,"D   ",2.0,
"J23064-050 ",346.62237,-5.04139,2500,200,5.29,0.2,,,,,,,,,,,,,,,"D   ",2.0,
"J23113+085 ",347.84908,8.51706,3300,200,4.9,0.2,3477,38,4.81,0.1,-0.12,0.09,-0.07,0.09,3472,42,-0.09,0.1,-0.05,0.1,"D   ",2.0,
"J23216+172 ",350.40604,17.29039,3200,200,4.81,0.2,3398,47,4.81,0.11,-0.03,0.1,-0.01,0.1,3399,39,-0.03,0.08,-0.01,0.08,"D   ",2.0,
"J23245+578 ",351.12712,57.85431,3600,200,4.66,0.2,3811,13,4.72,0.1,-0.03,0.06,-0.01,0.06,3810,12,-0.13,0.04,-0.08,0.04,"D   ",2.0,
"J23340+001 ",353.51387,0.17942,3400,200,4.77,0.2,3530,21,4.91,0.09,-0.38,0.08,-0.25,0.08,3548,15,-0.3,0.04,-0.2,0.04,"D   ",2.0,
"J23351-023 ",353.79358,-2.38906,3000,200,5.25,0.2,3136,38,5.27,0.17,-0.2,0.17,-0.13,0.17,3149,40,-0.22,0.18,-0.15,0.18,"D   ",2.0,
"J23381-162 ",354.534,-16.23617,3500,200,4.85,0.2,3570,22,5.07,0.12,-0.51,0.08,-0.35,0.08,3557,21,-0.63,0.06,-0.43,0.06,"D   ",2.0,
"J23419+441 ",355.47933,44.17744,3000,200,5.16,0.2,3186,41,5.15,0.18,0.04,0.17,0.04,0.17,3175,36,0.01,0.16,0.01,0.16,TD-D,2.0,
"J23431+365 ",355.77629,36.53697,3100,200,5.01,0.2,3301,30,5.18,0.12,-0.16,0.1,-0.1,0.1,3295,26,-0.06,0.06,-0.03,0.06,"YD  ",2.0,
"J23492+024 ",357.30221,2.40122,3700,200,4.84,0.2,3573,23,4.94,0.13,-0.8,0.08,-0.55,0.08,3562,21,-0.85,0.06,-0.58,0.06,"TD  ",2.0,
"J23505-095 ",357.63183,-9.55908,3100,200,4.88,0.2,3377,34,4.83,0.1,-0.14,0.1,-0.08,0.1,3366,37,-0.1,0.09,-0.06,0.09,"D   ",2.0,
"J23548+385 ",358.71442,38.52672,3200,200,4.91,0.2,3263,16,5.13,0.1,-0.81,0.09,-0.55,0.09,3265,19,-0.91,0.07,-0.62,0.07,"D   ",3.6,1.5
"J23556-061 ",358.91575,-6.14261,3400,200,4.8,0.2,3639,30,4.84,0.14,-0.04,0.08,-0.02,0.08,3643,23,-0.04,0.05,-0.02,0.05,"D   ",2.0,
"J23585+076 ",359.63608,7.65836,3300,200,4.84,0.2,3496,20,4.97,0.08,-0.1,0.06,-0.06,0.06,3496,19,-0.16,0.04,-0.1,0.04,"D   ",2.0,
