recno,Karmn,Name,Teff,e_Teff,SpType,logg,e_logg,loggc,e_loggc,[Fe/H],e_[Fe/H],Lum,e_Lum,d,e_d,r_d,Rad,e_Rad,RadP,e_RadP,MassMR,e_MassMR,MassMMKs,e_MassMMKs,MassLogg,e_MassLogg,MassP,e_MassP,Com,SimbadName,_RA,_DE
1,"J00051+457 ",Gl 2,3675,51," dM1.0",4.84,0.07,4.731,0.03,-0.16,0.16,0.04341,8.6E-4,11.5,0.0053,GAIA2,0.5138,0.015,,,0.5181,0.02,0.5177,0.013,0.6665,0.11,,,"   ",Gl 2,1.29537,45.78657
2,"J00067-075 ",GJ 1002,3061,51," dM5.5",5.19,0.07,5.255,0.045,-0.13,0.16,0.001403,1.7E-5,4.8494,0.0031,GAIA2,0.1331,0.0045,0.1518,0.0022,0.1164,0.0092,0.1148,0.0028,0.1001,0.018,0.123,0.0019,"   ",GJ 1002,1.67999,-7.53806
3,J00162+198E,GJ 1006B,3323,51," dM4.0",5.03,0.07,4.973,0.034,0.08,0.16,0.008773,1.3E-4,15.326,0.019,GAIA2,0.2825,0.0089,0.3177,0.0043,0.274,0.013,0.2662,0.0069,0.3121,0.054,0.3097,0.006,"   ",GJ 1006B,4.0673,19.86402
4,"J00183+440 ",Gl 15A,3615,51," dM1.0",4.91,0.07,4.841,0.03,-0.25,0.16,0.02379,2.6E-4,3.5626,5.1E-4,GAIA2,0.3931,0.011,0.3634,0.038,0.3907,0.016,0.4018,0.01,0.4584,0.078,0.3695,0.041,Out,Gl 15A,4.59535,44.02295
5,"J00184+440 ",Gl 15B,3291,51," dM3.5",5.11,0.07,5.143,0.038,-0.19,0.16,0.003511,3.5E-5,3.5614,6.3E-4,GAIA2,0.1822,0.0057,0.1985,0.0027,0.1682,0.01,0.1623,0.0041,0.1561,0.027,0.1749,0.0026,"   ",Gl 15B,4.6076,44.02725
6,"J00286-066 ",GJ 1012,3398,51," dM4.0",4.98,0.07,4.853,0.033,0.07,0.16,0.01746,3.2E-4,13.374,0.018,GAIA2,0.3811,0.012,0.4091,0.0027,0.3781,0.016,0.3539,0.0084,0.5062,0.088,0.3991,0.0035,"   ",GJ 1012,7.16444,-6.66366
7,"J00389+306 ",Gl 26,3537,51," dM2.5",4.89,0.07,4.819,0.031,-0.05,0.16,0.02421,3.4E-4,12.665,0.0064,GAIA2,0.4142,0.012,0.4483,0.0049,0.413,0.017,0.4288,0.011,0.486,0.083,0.4549,0.0059,"   ",Gl 26,9.74602,30.61622
8,"J00570+450 ",G 172-030,3426,51," dM3.0",4.99,0.07,4.894,0.033,-0.06,0.16,0.01476,2.2E-4,13.148,0.0086,GAIA2,0.3447,0.011,0.3668,0.0079,0.3397,0.015,0.3403,0.0086,0.4238,0.073,0.3685,0.0086,"   ",G 172-030,14.26122,45.08605
9,"J01013+613 ",Gl 47,3529,51," dM2.0",4.94,0.07,4.858,0.031,-0.16,0.16,0.01985,2.7E-4,10.516,0.0044,GAIA2,0.3767,0.011,0.3976,0.003,0.3735,0.015,0.3832,0.0093,0.451,0.077,0.4075,0.0035,"   ",Gl 47,15.33354,61.36574
10,"J01025+716 ",Gl 48,3488,51," dM3.0",4.91,0.07,4.755,0.031,0.02,0.16,0.03136,5.2E-4,8.2359,0.002,GAIA2,0.4847,0.015,0.4956,0.0062,0.4875,0.019,0.4653,0.011,0.6969,0.12,0.4987,0.0065,"   ",Gl 48,15.63431,71.67981
11,"J01026+623 ",Gl 49,3805,51," dM1.5",4.69,0.07,4.733,0.029,0.13,0.16,0.04938,9.2E-4,9.8551,0.0029,GAIA2,0.5111,0.015,0.5689,0.0048,0.5153,0.019,0.5405,0.013,0.4669,0.08,0.5652,0.0074,"   ",Gl 49,15.66195,62.34505
12,"J01048-181 ",GJ 1028,3154,51," dM5.0",5.14,0.07,5.197,0.041,-0.02,0.16,0.0022,3.2E-5,9.7733,0.0076,GAIA2,0.157,0.0052,0.1808,0.002,0.1416,0.0097,0.1409,0.0036,0.1242,0.022,0.151,0.0019,"   ",GJ 1028,16.22418,-18.12462
13,"J01125-169 ",Gl 54.1,3151,51," dM4.5",5.17,0.07,5.197,0.042,-0.18,0.16,0.002195,3.5E-5,3.7125,0.0011,GAIA2,0.1571,0.0052,0.1769,0.0026,0.1418,0.0098,0.1368,0.0033,0.1332,0.023,0.1494,0.0024,"   ",Gl 54.1,18.12765,-16.99899
14,"J01339-176 ",LP 768-113,3349,51," dM4.0",5.06,0.07,4.983,0.034,-0.11,0.16,0.008656,1.1E-4,14.715,0.017,GAIA2,0.2762,0.0086,0.3065,0.0036,0.2675,0.013,0.2711,0.0077,0.3197,0.055,0.2996,0.0055,"   ",LP 768-113,23.49167,-17.63995
15,"J01433+043 ",Gl 70,3532,51," dM2.0",4.91,0.07,4.832,0.033,-0.09,0.16,0.02264,5.6E-4,11.32,0.0064,GAIA2,0.4016,0.013,0.4089,0.0091,0.3998,0.017,0.4037,0.01,0.4784,0.083,0.4185,0.0079,"   ",Gl 70,25.83408,4.32166
16,"J01518+644 ",GJ 3117A,3555,51," dM2.5",4.9,0.07,4.757,0.246,-0.08,0.16,0.03348,0.017,17.313,0.009,GAIA2,0.4821,0.12,0.4937,0.0042,0.4847,0.13,0.4858,0.08,0.6738,0.36,0.4976,0.0052,"   ",GJ 3117,27.96305,64.43498
17,"J02002+130 ",Gl 83.1,3193,51," dM3.5",5.15,0.07,5.18,0.04,-0.19,0.16,0.00254,2.0E-5,4.4717,0.0022,GAIA2,0.1646,0.0053,0.1876,0.0019,0.1497,0.0098,0.1478,0.0036,0.1397,0.024,0.1601,0.0017,"   ",Gl 83.1,30.05398,13.05195
18,"J02015+637 ",GJ 3126,3489,51," dM3.0",4.93,0.07,4.79,0.035,-0.05,0.16,0.02647,9.0E-4,11.901,0.0085,GAIA2,0.4451,0.015,,,0.4456,0.019,0.4423,0.011,0.6154,0.11,,,"   ",GJ 3126,30.39725,63.77
19,"J02070+496 ",G 173-037,3419,51," dM3.5",5.01,0.07,4.911,0.033,-0.12,0.16,0.01346,1.6E-4,14.314,0.014,GAIA2,0.3305,0.01,0.3518,0.0051,0.3248,0.014,0.3231,0.0079,0.4079,0.07,0.3526,0.0057,"   ",G 173-037,31.76607,49.64541
20,"J02088+494 ",GJ 3136,3315,51," dM3.5",5.08,0.07,4.833,0.033,-0.11,0.16,0.0175,2.1E-4,17.065,0.023,GAIA2,0.4009,0.013,0.4085,0.0044,0.399,0.017,0.3752,0.0092,0.7052,0.12,0.4121,0.0045,"   ",GJ 3136,32.22343,49.44901
21,"J02123+035 ",Gl 87,3663,51," dM1.5",4.81,0.07,4.792,0.03,-0.05,0.16,0.03182,5.0E-4,10.509,0.0044,GAIA2,0.4428,0.013,0.4721,0.0042,0.4432,0.017,0.4492,0.011,0.462,0.079,0.4787,0.0049,"   ",Gl 87,33.08745,3.57562
22,"J02222+478 ",Gl 96,3935,51," dM0.5",4.67,0.07,4.706,0.03,0.07,0.16,0.06424,0.0016,11.936,0.01,GAIA2,0.5451,0.016,,,0.5512,0.02,0.5763,0.015,0.5072,0.087,,,"   ",Gl 96,35.56102,47.88003
23,"J02336+249 ",Gl 102,3283,51," dM4.0",5.09,0.07,5.052,0.036,-0.09,0.16,0.005595,6.1E-5,9.9721,0.011,GAIA2,0.2311,0.0073,0.2581,0.0028,0.2198,0.011,0.2122,0.0051,0.2398,0.042,0.2395,0.0035,"   ",Gl 102,38.4049,24.92714
24,"J02358+202 ",Gl 104,3585,51," dM2.0",4.89,0.07,4.73,0.033,-0.13,0.16,0.03937,0.0011,14.053,0.014,GAIA2,0.5142,0.016,0.5226,0.0048,0.5185,0.021,0.5114,0.013,0.749,0.13,0.5243,0.0058,"   ",Gl 104,38.97211,20.21988
25,"J02362+068 ",Gl 105B,3327,51," dM4.0",5.03,0.07,4.99,0.034,0.05,0.16,0.008117,1.2E-4,7.2223,0.0047,GAIA2,0.2711,0.0085,0.3058,0.0047,0.262,0.013,0.2522,0.0062,0.2874,0.05,0.2969,0.0055,"   ",Gl 105B,39.06361,6.87165
26,"J02442+255 ",Gl 109,3472,51," dM3.0",4.95,0.07,4.875,0.032,-0.06,0.16,0.01708,2.4E-4,7.6811,0.0035,GAIA2,0.361,0.011,0.3921,0.0031,0.3569,0.015,0.3577,0.0088,0.4239,0.073,0.3974,0.0039,"   ",Gl 109,41.06462,25.52337
27,"J02519+224 ",RBS 365,3344,51," dM4.0",5.03,0.07,4.748,0.032,0.03,0.16,0.02737,3.7E-4,27.086,0.051,GAIA2,0.4927,0.015,0.5458,0.016,0.4958,0.02,0.4587,0.011,0.9493,0.16,0.3717,0.072,Out,RBS 365,42.97541,22.45832
28,"J02530+168 ",Teegarden's Star,2904,51," dM7.0",5.26,0.07,5.329,0.053,-0.19,0.16,7.303E-4,1.1E-5,3.8313,0.004,GAIA2,0.1067,0.0038,0.1307,0.0015,0.08857,0.0088,0.0934,0.0026,0.07561,0.013,0.1026,0.0011,"   ",Teegarden's Star,43.25371,16.88129
29,J02565+554W,Gl 119A,3896,51," dM1.0",4.66,0.07,4.673,0.028,0.18,0.16,0.07221,0.0012,20.292,0.016,GAIA2,0.5896,0.016,0.6132,0.0061,0.5981,0.021,0.5934,0.015,0.5799,0.099,0.6137,0.01,"   ",Gl 119A,44.14344,55.43725
30,"J03133+047 ",GJ 1057,3204,51," dM5.0",5.11,0.07,5.156,0.04,0.04,0.16,0.002934,5.3E-5,8.6096,0.0067,GAIA2,0.1757,0.0058,0.2101,0.0022,0.1614,0.01,0.1646,0.0042,0.1451,0.025,0.1811,0.0021,"   ",GJ 1057,48.34549,4.77482
31,"J03181+382 ",Gl 134,3861,51," dM1.5",4.66,0.07,4.696,0.028,0.2,0.16,0.06261,9.0E-4,15.985,0.018,GAIA2,0.559,0.015,0.6026,0.0049,0.5658,0.02,0.5797,0.015,0.5213,0.089,0.6002,0.0088,"   ",Gl 134,49.53117,38.25207
32,"J03213+799 ",Gl 133,3549,51," dM2.0",4.93,0.07,4.824,0.032,-0.18,0.16,0.02396,4.2E-4,13.935,0.0078,GAIA2,0.4093,0.012,0.4268,0.0058,0.4078,0.017,0.4164,0.01,0.5204,0.09,0.436,0.0059,"   ",Gl 133,50.34075,79.96727
33,"J03217-066 ",GJ 3218,3555,51," dM2.0",4.92,0.07,4.761,0.031,-0.15,0.16,0.0328,6.5E-4,17.229,0.015,GAIA2,0.4772,0.014,0.4849,0.0046,0.4795,0.019,0.4768,0.012,0.6912,0.12,0.4901,0.0051,"   ",GJ 3218,50.44551,-6.67339
34,"J03463+262 ",Gl 154,3993,51," dM0.0",4.65,0.07,4.698,0.028,0.12,0.16,0.07073,0.001,14.399,0.012,GAIA2,0.5555,0.015,0.6009,0.0046,0.5621,0.02,0.5937,0.015,0.503,0.085,0.6008,0.0093,"   ",Gl 154,56.58392,26.21551
35,"J03473-019 ",G 080-021,3411,51," dM3.0",5.03,0.07,4.734,0.032,-0.17,0.16,0.03172,5.1E-4,16.801,0.017,GAIA2,0.5097,0.016,0.4976,0.0054,0.5138,0.02,0.4761,0.012,1.016,0.18,0.501,0.0058,"   ",G 080-021,56.84725,-1.97221
36,"J03531+625 ",Ross 567,3488,51," dM3.0",4.93,0.07,4.884,0.032,-0.04,0.16,0.01667,2.8E-4,12.323,0.0076,GAIA2,0.3534,0.011,0.3834,0.0049,0.3489,0.015,0.3562,0.0091,0.3879,0.067,0.3898,0.0053,"   ",Ross 567,58.29348,62.56891
37,"J04219+213 ",K2-155,3940,51," dM0.0",4.76,0.07,4.679,0.031,-0.33,0.16,0.0735,0.0023,72.939,0.27,GAIA2,0.5816,0.018,,,0.5897,0.022,0.5753,0.015,0.7104,0.12,,,New,K2-155,65.46869,21.35359
38,"J04225+105 ",LSPM J0422+1031,3445,51," dM3.5",4.95,0.07,4.788,0.032,0.0,0.16,0.02543,3.3E-4,20.82,0.035,GAIA2,0.4475,0.014,0.4733,0.0041,0.4482,0.018,0.4494,0.011,0.6513,0.11,0.4765,0.005,"   ",LSPM J0422+1031,65.63328,10.52189
39,"J04290+219 ",Gl 169,4199,51," dM0.5",4.59,0.07,4.64,0.03,0.23,0.16,0.1145,0.0036,11.241,0.0063,GAIA2,0.6392,0.019,0.8455,0.036,0.6504,0.024,0.6555,0.017,0.5801,0.099,0.6243,0.076,"   ",Gl 169,67.25052,21.9227
40,"J04376-110 ",Gl 173,3621,51," dM1.5",4.85,0.07,4.777,0.03,-0.07,0.16,0.03276,5.1E-4,11.215,0.0038,GAIA2,0.4597,0.013,0.4799,0.0099,0.4611,0.018,0.4701,0.011,0.546,0.094,0.4857,0.0088,"   ",Gl 173,69.42444,-11.03888
41,"J04376+528 ",Gl 172,4034,51," dM0.0",4.68,0.07,4.687,0.028,-0.09,0.16,0.07779,0.0013,9.9226,0.0059,GAIA2,0.5708,0.015,,,0.5783,0.02,0.5924,0.015,0.5691,0.097,,,"   ",Gl 172,69.42054,52.89361
42,"J04429+189 ",Gl 176,3574,51," dM2.0",4.89,0.07,4.743,0.031,-0.1,0.16,0.03648,7.3E-4,9.4733,0.0063,GAIA2,0.498,0.015,0.5091,0.0089,0.5014,0.02,0.4893,0.013,0.7026,0.12,0.512,0.0084,"   ",Gl 176,70.7324,18.95816
43,"J04429+214 ",2MASS J04425586+2128230,3437,51," dM3.5",4.97,0.07,4.847,0.032,-0.03,0.16,0.01882,3.0E-4,13.9,0.014,GAIA2,0.3867,0.012,0.4155,0.0038,0.3841,0.016,0.3811,0.0096,0.5093,0.088,0.4174,0.0044,"   ",2MASS J04425586+2128230,70.73276,21.47304
44,"J04472+206 ",RX J0447.2+2038,3146,51," dM5.0",5.12,0.07,4.857,0.035,0.06,0.16,0.01259,1.7E-4,23.261,0.043,GAIA2,0.3776,0.013,0.3907,0.0034,0.3744,0.017,0.3361,0.0083,0.6859,0.12,0.3794,0.0038,Out,RX J0447.2+2038,71.80104,20.63633
45,"J04520+064 ",Gl 179,3393,51," dM3.5",5.0,0.07,4.873,0.033,0.01,0.16,0.01577,3.0E-4,12.361,0.0092,GAIA2,0.3632,0.011,0.3995,0.0045,0.3592,0.016,0.3658,0.0088,0.4814,0.083,0.4002,0.0047,"   ",Gl 179,73.02388,6.47655
46,"J04538-177 ",Gl 180,3572,51," dM2.0",4.9,0.07,4.827,0.031,-0.12,0.16,0.02427,3.6E-4,11.945,0.0043,GAIA2,0.4066,0.012,0.4229,0.0047,0.4051,0.016,0.4093,0.01,0.4793,0.082,0.4316,0.005,"   ",Gl 180,73.45825,-17.77342
47,"J04588+498 ",Gl 181,4022,51," dM0.0",4.65,0.07,4.679,0.028,0.09,0.16,0.07975,0.0014,16.62,0.017,GAIA2,0.5814,0.016,0.6189,0.0062,0.5894,0.021,0.6013,0.015,0.551,0.094,0.6212,0.011,"   ",Gl 181,74.71073,49.84929
48,"J05019+011 ",1RXS J050156.7+010845,3225,51," dM4.0",5.13,0.07,4.674,0.033,-0.15,0.16,0.03387,4.7E-4,25.284,0.051,GAIA2,0.5893,0.019,0.6103,0.017,0.5978,0.024,0.4995,0.012,1.71,0.3,0.3836,0.075,Out,1RXS J050156.7+010845,75.48608,1.14525
49,"J05019-069 ",GJ 3323,3288,51," dM4.0",5.07,0.07,5.134,0.038,0.01,0.16,0.003654,5.2E-5,5.3758,0.0017,GAIA2,0.1862,0.0059,0.2094,0.0031,0.1724,0.01,0.1705,0.0044,0.1487,0.026,0.1849,0.0032,"   ",GJ 3323,75.48928,-6.94621
50,"J05033-173 ",GJ 3325,3409,51," dM3.0",5.02,0.07,4.986,0.034,-0.11,0.16,0.009136,1.2E-4,9.2311,0.0043,GAIA2,0.2739,0.0084,0.298,0.0028,0.265,0.013,0.2742,0.0068,0.2867,0.049,0.2937,0.0045,"   ",GJ 3325,75.83368,-17.37353
51,"J05062+046 ",RX J0506.2+0439,3320,51," dM4.0",5.06,0.07,4.745,0.032,-0.04,0.16,0.02692,3.8E-4,27.801,0.039,GAIA2,0.4958,0.016,0.5768,0.015,0.4991,0.02,0.4693,0.012,1.03,0.18,0.3524,0.072,Out,RX J0506.2+0439,76.55386,4.65755
52,"J05127+196 ",Gl 192,3582,51," dM2.0",4.9,0.07,4.808,0.032,-0.13,0.16,0.02687,5.5E-4,12.157,0.0074,GAIA2,0.4254,0.013,0.4512,0.0041,0.4249,0.017,0.4366,0.011,0.5246,0.09,0.4585,0.0045,"   ",Gl 192,78.17594,19.66565
53,"J05280+096 ",Gl 203,3362,51," dM3.5",5.03,0.07,5.034,0.035,-0.05,0.16,0.006739,8.7E-5,10.206,0.01,GAIA2,0.2419,0.0075,0.2732,0.0035,0.2312,0.012,0.2268,0.0054,0.2288,0.04,0.2602,0.005,"   ",Gl 203,82.00063,9.64393
54,"J05314-036 ",Gl 205,3891,51," dM1.5",4.64,0.07,4.703,0.052,0.23,0.16,0.06238,0.0056,5.7003,0.0023,GAIA2,0.5494,0.029,0.5374,0.044,0.5557,0.033,0.562,0.042,0.4808,0.092,0.5383,0.042,"   ",Gl 205,82.86415,-3.67723
55,"J05337+019 ",Gl 207.1,3419,51," dM2.5",5.05,0.07,4.754,0.033,-0.29,0.16,0.02901,6.2E-4,15.723,0.022,GAIA2,0.4852,0.015,0.4775,0.0043,0.4879,0.02,0.4654,0.012,0.964,0.17,0.4821,0.0048,"   ",Gl 207.1,83.43667,1.9454
56,"J05348+138 ",GJ 3356,3421,51," dM3.5",4.98,0.07,4.88,0.032,-0.01,0.16,0.01574,1.8E-4,11.926,0.01,GAIA2,0.357,0.011,0.3879,0.0033,0.3527,0.015,0.3546,0.0084,0.4442,0.077,0.3906,0.0041,"   ",GJ 3356,83.71715,13.87964
57,"J05360-076 ",GJ 3357,3380,51," dM4.0",4.99,0.07,4.916,0.033,0.08,0.16,0.01256,1.9E-4,15.083,0.014,GAIA2,0.3266,0.01,0.3736,0.0041,0.3206,0.014,0.3359,0.0085,0.3804,0.066,0.3695,0.0046,"   ",GJ 3357,84.00033,-7.64956
58,"J05365+113 ",Gl 208,4074,51," dM0.0",4.65,0.07,4.685,0.029,0.05,0.16,0.08164,0.002,11.436,0.0078,GAIA2,0.5733,0.016,0.6304,0.0046,0.5809,0.021,0.6048,0.015,0.5358,0.091,0.6301,0.0081,"   ",Gl 208,84.12913,11.32787
59,"J05366+112 ",2MASS J05363846+1117487,3315,51," dM4.0",5.08,0.07,4.966,0.035,-0.14,0.16,0.009023,1.5E-4,11.446,0.012,GAIA2,0.2879,0.0092,0.312,0.0047,0.2797,0.013,0.2738,0.0071,0.3637,0.063,0.3048,0.0062,"   ",2MASS J05363846+1117487,84.16026,11.29688
60,"J05415+534 ",Gl 212,3875,51," dM1.0",4.69,0.07,4.719,0.029,0.08,0.16,0.05687,9.0E-4,12.277,0.0075,GAIA2,0.5289,0.015,0.5818,0.0056,0.534,0.019,0.5544,0.014,0.5,0.085,0.5788,0.0082,"   ",Gl 212,85.37804,53.4898
61,"J05421+124 ",Gl 213,3311,51," dM4.0",5.05,0.07,5.035,0.035,0.01,0.16,0.006329,8.3E-5,5.7901,0.0027,GAIA2,0.2417,0.0076,0.2748,0.0024,0.231,0.012,0.2182,0.0052,0.2392,0.041,0.2603,0.004,"   ",Gl 213,85.53861,12.48934
62,"J06000+027 ",GJ 3379,3284,51," dM4.0",5.1,0.07,5.028,0.035,-0.12,0.16,0.006329,8.8E-5,5.2064,0.0019,GAIA2,0.2457,0.0078,0.2729,0.0019,0.2352,0.012,0.2312,0.0058,0.2774,0.048,0.2577,0.0037,"   ",GJ 3379,90.0146,2.70655
63,"J06011+595 ",GJ 3378,3357,51," dM3.5",5.03,0.07,4.997,0.034,-0.01,0.16,0.008134,1.0E-4,7.7244,0.0048,GAIA2,0.2665,0.0083,0.3046,0.0027,0.2572,0.012,0.2624,0.0064,0.2777,0.048,0.297,0.0039,"   ",GJ 3378,90.29602,59.59719
64,"J06024+498 ",GJ 3380,3145,51," dM5.0",5.15,0.07,5.205,0.042,-0.06,0.16,0.002082,2.3E-5,9.5338,0.0064,GAIA2,0.1536,0.0051,0.1783,0.0027,0.1381,0.0096,0.1387,0.0034,0.1216,0.021,0.149,0.0025,"   ",GJ 3380,90.62164,49.8656
65,"J06103+821 ",Gl 226,3521,51," dM2.0",4.92,0.07,4.817,0.031,-0.11,0.16,0.02402,3.7E-4,9.4616,0.0027,GAIA2,0.4163,0.012,0.4359,0.005,0.4153,0.017,0.4144,0.01,0.5261,0.09,0.4432,0.0053,"   ",Gl 226,92.58269,82.10676
66,"J06105-218 ",Gl 229A,3837,51," dM0.5",4.7,0.07,4.723,0.036,0.07,0.16,0.05348,0.0025,5.7571,0.0017,GAIA2,0.5231,0.019,0.5456,0.0089,0.5279,0.023,0.5462,0.038,0.5005,0.088,0.5449,0.0094,"   ",Gl 229,92.64423,-21.86463
67,"J06246+234 ",Gl 232,3237,51," dM4.0",5.11,0.07,5.143,0.039,-0.07,0.16,0.003279,4.4E-5,8.4933,0.0043,GAIA2,0.182,0.0059,0.2025,0.0019,0.168,0.01,0.1567,0.0037,0.1557,0.027,0.1782,0.0021,"   ",Gl 232,96.17202,23.43304
68,"J06371+175 ",Gl 239,3737,51," dM0.0",4.89,0.07,4.78,0.03,-0.42,0.16,0.03647,6.3E-4,10.008,0.005,GAIA2,0.4554,0.013,0.476,0.0058,0.4565,0.018,0.4676,0.012,0.5875,0.1,0.4827,0.0061,"   ",Gl 239,99.295,17.56481
69,"J06396-210 ",LP 780-032,3333,51," dM4.0",5.05,0.07,5.003,0.058,-0.05,0.16,0.00766,7.2E-4,11.5,0.5," CC17",0.2624,0.015,,,0.2528,0.018,0.2442,0.013,0.2819,0.055,,,"   ",LP 780-032,99.90589,-21.02589
70,"J06421+035 ",GJ 3404A,3454,51," dM3.5",4.95,0.07,4.863,0.033,0.0,0.16,0.01776,3.5E-4,15.072,0.016,GAIA2,0.372,0.012,0.4025,0.0045,0.3685,0.016,0.3719,0.0098,0.4501,0.078,0.4074,0.0047,"   ",GJ 3404,100.54664,3.58128
71,"J06548+332 ",Gl 251,3451,51," dM3.0",4.96,0.07,4.872,0.032,-0.03,0.16,0.01691,2.8E-4,5.5816,0.0019,GAIA2,0.3636,0.011,0.3886,0.0044,0.3597,0.015,0.3565,0.0089,0.44,0.076,0.3925,0.0051,"   ",Gl 251,103.70399,33.26818
72,"J06574+740 ",2MASS J06572616+7405265,3304,51," dM4.0",5.08,0.07,4.746,0.115,-0.07,0.16,0.02638,0.006,26.455,2.9," URAT",0.4955,0.058,,,0.4988,0.062,0.4447,0.04,1.077,0.31,,,Out,2MASS J06572616+7405265,104.3589,74.09068
73,"J06594+193 ",GJ 1093,3085,51," dM5.0",5.16,0.07,5.237,0.044,0.01,0.16,0.001605,1.9E-5,7.7519,0.01,GAIA2,0.1402,0.0047,0.1677,0.0013,0.1239,0.0094,0.1253,0.0031,0.1037,0.018,0.1359,0.0012,"   ",GJ 1093,104.87007,19.34885
74,"J07033+346 ",GJ 3423,3298,51," dM4.0",5.09,0.07,5.0,0.035,-0.12,0.16,0.007433,9.1E-5,13.263,0.012,GAIA2,0.264,0.0083,0.2901,0.0044,0.2545,0.012,0.2499,0.006,0.3129,0.054,0.2791,0.0056,"   ",GJ 3423,105.84654,34.69761
75,"J07044+682 ",Gl 258,3461,51," dM3.0",4.95,0.07,4.823,0.032,-0.04,0.16,0.02178,4.3E-4,16.364,0.011,GAIA2,0.4103,0.013,0.4246,0.0067,0.4089,0.017,0.4113,0.01,0.5476,0.095,0.431,0.0068,"   ",Gl 258,106.10809,68.28879
76,"J07274+052 ",Gl 273,3365,51," dM3.5",5.01,0.07,4.939,0.034,0.02,0.16,0.01096,2.2E-4,3.8026,0.02,"  HIP",0.3079,0.0098,,,0.3009,0.014,0.2949,0.0076,0.354,0.061,,,"   ",Gl 273,111.85208,5.22579
77,"J07287-032 ",GJ 1097,3466,51," dM3.0",4.94,0.07,4.844,0.032,-0.03,0.16,0.01979,2.4E-4,11.718,0.0096,GAIA2,0.3899,0.012,,,0.3874,0.016,0.3853,0.0098,0.4832,0.083,,,"   ",GJ 1097,112.18933,-3.29814
78,J07319+362N,Gl 277C,3314,51," dM3.5",5.07,0.07,4.822,0.033,-0.06,0.16,0.01838,2.1E-4,12.0,0.01,GAIA2,0.4111,0.013,0.4299,0.0036,0.4098,0.017,0.3855,0.0094,0.7246,0.13,0.4319,0.0043,"   ",VV Lyn,112.99049,36.21939
79,"J07353+548 ",GJ 3452,3520,51," dM2.0",4.94,0.07,4.859,0.032,-0.16,0.16,0.01951,3.3E-4,12.789,0.0098,GAIA2,0.3754,0.011,0.3909,0.0044,0.3721,0.016,0.3757,0.0094,0.4479,0.077,0.3995,0.005,"   ",GJ 3452,113.84116,54.84971
80,"J07361-031 ",Gl 282C,3894,51," dM1.0",4.69,0.07,4.705,0.03,0.05,0.16,0.06195,0.0016,14.069,0.028,GAIA2,0.5466,0.016,0.5937,0.01,0.5528,0.021,0.5729,0.014,0.534,0.092,0.591,0.012,"   ",Gl 282C,114.0295,-3.11078
81,"J07386-212 ",GJ 3459,3426,51," dM3.0",5.0,0.07,4.95,0.033,-0.1,0.16,0.01118,1.3E-4,10.434,0.0044,GAIA2,0.2999,0.0091,,,0.2925,0.013,0.293,0.0074,0.3282,0.057,,,"   ",GJ 3459,114.67067,-21.22458
82,"J07393+021 ",Gl 281,4014,51," dM0.0",4.66,0.07,4.686,0.028,0.07,0.16,0.0766,0.0015,15.058,0.011,GAIA2,0.5721,0.016,0.6161,0.0069,0.5796,0.021,0.6039,0.015,0.546,0.093,0.6168,0.011,"   ",Gl 281,114.84599,2.18367
83,"J07403-174 ",Gl 283B,2964,51," dM6.0",5.22,0.07,5.328,0.052,-0.09,0.16,7.967E-4,7.2E-6,9.1701,0.0067,GAIA2,0.107,0.0037,0.1368,0.0019,0.08886,0.0087,0.09837,0.0025,0.06934,0.012,0.1077,0.0014,"   ",Gl 283B,115.08072,-17.41275
84,"J07472+503 ",2MASS J07471385+5020386,3312,51," dM4.0",5.08,0.07,4.988,0.034,-0.12,0.16,0.008051,9.2E-5,14.144,0.014,GAIA2,0.2724,0.0085,0.2948,0.0033,0.2634,0.013,0.2515,0.0062,0.3256,0.056,0.2858,0.0055,"   ",2MASS J07471385+5020386,116.80778,50.34403
85,"J07558+833 ",GJ 1101,3256,51," dM4.5",5.1,0.07,4.991,0.035,-0.07,0.16,0.007397,7.3E-5,13.098,0.0069,GAIA2,0.2702,0.0086,0.2916,0.0036,0.261,0.013,0.2467,0.0062,0.3354,0.058,0.2804,0.0055,"   ",GJ 1101,118.9747,83.38471
86,"J07582+413 ",GJ 1105,3367,51," dM3.5",5.02,0.07,4.98,0.034,-0.01,0.16,0.008943,1.3E-4,8.8425,0.0055,GAIA2,0.2778,0.0087,0.3084,0.0034,0.2691,0.013,0.2694,0.0073,0.2949,0.051,0.3008,0.0053,"   ",GJ 1105,119.55292,41.3037
87,"J08119+087 ",Gl 299,3200,51," dM4.5",5.15,0.07,5.161,0.04,-0.17,0.16,0.002846,5.2E-5,6.8738,0.027,GAIA2,0.1735,0.0058,0.1832,0.0019,0.159,0.01,0.1427,0.0037,0.1552,0.027,0.1579,0.0019,"   ",Gl 299,122.98983,8.77305
88,"J08126-215 ",Gl 300,3342,51," dM4.0",5.01,0.07,4.987,0.034,0.11,0.16,0.008369,1.1E-4,8.1156,0.0046,GAIA2,0.2728,0.0085,0.309,0.0036,0.2638,0.013,0.2676,0.007,0.2779,0.048,0.2982,0.0051,"   ",Gl 300,123.17037,-21.55194
89,"J08161+013 ",GJ 2066,3568,51," dM2.0",4.89,0.07,4.791,0.031,-0.1,0.16,0.02873,5.3E-4,8.9413,0.004,GAIA2,0.4434,0.013,,,0.4438,0.018,0.4426,0.011,0.557,0.096,,,"   ",GJ 2066,124.03326,1.30257
90,"J08293+039 ",2MASS J08292191+0355092,3585,51," dM2.5",4.88,0.07,4.745,0.03,-0.08,0.16,0.03674,5.3E-4,18.409,0.027,GAIA2,0.4966,0.015,0.4998,0.0042,0.5,0.019,0.4932,0.013,0.6827,0.12,0.5036,0.0049,"   ",2MASS J08292191+0355092,127.3413,3.91926
91,"J08315+730 ",LP 035-219,3356,51," dM4.0",5.02,0.07,4.966,0.034,0.01,0.16,0.009507,1.1E-4,14.658,0.011,GAIA2,0.2883,0.0089,0.3128,0.004,0.2802,0.013,0.2657,0.0067,0.3176,0.055,0.3066,0.0057,"   ",LP 035-219,127.8755,73.06272
92,"J08358+680 ",GJ 3506,3461,51," dM2.5",4.98,0.07,4.862,0.032,-0.11,0.16,0.01797,2.8E-4,13.012,0.0068,GAIA2,0.3727,0.011,0.3897,0.0041,0.3692,0.016,0.366,0.0093,0.4841,0.083,0.3965,0.0049,"   ",GJ 3506,128.95434,68.0692
93,"J08402+314 ",LSPM J0840+3127,3393,51," dM3.5",5.01,0.07,4.968,0.033,-0.01,0.16,0.009795,1.3E-4,11.21,0.0088,GAIA2,0.2863,0.0088,0.3228,0.0035,0.2781,0.013,0.2815,0.007,0.3061,0.053,0.3175,0.0049,"   ",LSPM J0840+3127,130.0666,31.45189
94,"J08409-234 ",Gl 317,3432,51," dM3.5",4.95,0.07,4.817,0.032,0.08,0.16,0.02175,3.4E-4,15.205,0.014,GAIA2,0.417,0.013,,,0.416,0.017,0.4245,0.01,0.5656,0.098,,,New,Gl 317,130.24669,-23.45628
95,"J08413+594 ",GJ 3512,3081,51," dM5.5",5.17,0.07,5.24,0.044,-0.07,0.16,0.001574,1.8E-5,9.4886,0.0081,GAIA2,0.1392,0.0047,0.1636,0.0023,0.1228,0.0094,0.1254,0.0031,0.1046,0.018,0.1334,0.0019,"   ",GJ 3512,130.33387,59.49735
96,"J08526+283 ",Gl 324B,3320,51," dM4.5",5.02,0.07,4.994,0.035,0.15,0.16,0.007883,1.3E-4,12.481,0.017,GAIA2,0.2683,0.0085,0.3077,0.0043,0.259,0.013,0.2642,0.0068,0.2751,0.048,0.2959,0.0056,"   ",Gl 324B,133.17026,28.31634
97,"J09005+465 ",GJ 1119,3228,51," dM4.5",5.1,0.07,5.073,0.037,-0.02,0.16,0.004695,5.3E-5,10.088,0.0061,GAIA2,0.219,0.007,0.2527,0.0024,0.207,0.011,0.2031,0.005,0.2204,0.038,0.2311,0.003,"   ",GJ 1119,135.13532,46.58642
98,"J09028+680 ",GJ 3526,3358,51," dM4.0",5.02,0.07,4.992,0.034,0.01,0.16,0.00836,1.2E-4,12.285,0.0091,GAIA2,0.27,0.0084,0.3045,0.0044,0.2609,0.013,0.2543,0.0062,0.2786,0.048,0.2977,0.0062,"   ",GJ 3526,135.7203,68.06294
99,"J09133+688 ",G 234-057,3555,51," dM2.5",4.92,0.07,4.66,0.127,-0.16,0.16,0.05327,0.013,21.053,2.5," URAT",0.6082,0.079,,,0.6177,0.084,0.5584,0.043,1.123,0.34,,,Out,G 234-057,138.34937,68.8752
100,"J09140+196 ",LP 427-016,3493,51," dM3.0",4.95,0.07,4.752,0.031,-0.1,0.16,0.03198,5.3E-4,22.904,0.073,GAIA2,0.4881,0.015,0.5074,0.0043,0.491,0.019,0.4876,0.012,0.7749,0.13,0.5102,0.0051,"   ",LP 427-016,138.51327,19.66827
101,"J09143+526 ",Gl 338A,4024,51," dM0.0",4.68,0.07,4.682,0.035,-0.05,0.16,0.07892,0.0038,6.3339,0.0016,GAIA2,0.5778,0.02,,,0.5856,0.025,0.6046,0.016,0.5832,0.1,,,New,Gl 338A,138.5949,52.68661
102,"J09144+526 ",Gl 338B,4005,51," dM0.0",4.68,0.07,4.677,0.033,-0.03,0.16,0.0792,0.0031,6.3335,0.0016,GAIA2,0.5843,0.019,0.6111,0.026,0.5925,0.023,0.5828,0.015,0.5963,0.1,0.6134,0.03,"   ",Gl 338B,138.60285,52.68636
103,"J09161+018 ",RX J0916.1+0153,3306,51," dM4.0",5.08,0.07,4.939,0.034,-0.1,0.16,0.01025,1.7E-4,15.647,0.017,GAIA2,0.3085,0.0099,0.3346,0.0034,0.3015,0.014,0.2906,0.0076,0.4176,0.072,0.3288,0.0042,"   ",RX J0916.1+0153,139.04242,1.88579
104,"J09163-186 ",GJ 3543,3585,51," dM1.5",4.91,0.07,4.768,0.031,-0.18,0.16,0.03286,6.3E-4,13.448,0.0072,GAIA2,0.4697,0.014,0.4757,0.0059,0.4716,0.019,0.4691,0.012,0.6544,0.11,0.4819,0.006,"   ",GJ 3543,139.08602,-18.62581
105,"J09307+003 ",GJ 1125,3408,51," dM3.5",5.0,0.07,4.934,0.033,-0.04,0.16,0.01181,1.7E-4,9.901,0.0069,GAIA2,0.3116,0.0096,0.3391,0.0039,0.3047,0.014,0.3039,0.0077,0.3543,0.061,0.3368,0.0043,"   ",GJ 1125,142.68577,0.32267
106,"J09360-216 ",Gl 357,3505,51," dM2.5",4.94,0.07,4.897,0.033,-0.12,0.16,0.01591,3.6E-4,9.4447,0.0054,GAIA2,0.3419,0.011,0.3601,0.007,0.3368,0.015,0.3477,0.0084,0.3716,0.064,0.3653,0.0071,"   ",Gl 357,144.00682,-21.6608
107,"J09411+132 ",Gl 361,3613,51," dM1.5",4.87,0.07,4.77,0.031,-0.11,0.16,0.03358,6.4E-4,11.554,0.0053,GAIA2,0.4675,0.014,0.4871,0.0059,0.4693,0.018,0.4747,0.012,0.5913,0.1,0.4922,0.006,"   ",Gl 361,145.29317,13.20956
108,"J09423+559 ",Gl 363,3399,51," dM3.5",4.98,0.07,4.861,0.032,0.08,0.16,0.01686,1.9E-4,16.545,0.016,GAIA2,0.3743,0.011,0.411,0.0037,0.3709,0.016,0.3729,0.0091,0.4883,0.084,0.4124,0.0042,"   ",Gl 363,145.59663,55.98369
109,"J09425+700 ",Gl 360,3515,51," dM2.0",4.94,0.07,4.741,0.032,-0.12,0.16,0.03455,7.9E-4,11.854,0.0042,GAIA2,0.501,0.016,0.5209,0.0055,0.5046,0.02,0.4925,0.012,0.7978,0.14,0.5221,0.006,"   ",Gl 360,145.64517,70.03388
110,"J09428+700 ",Gl 362,3423,51," dM3.0",4.99,0.07,4.798,0.033,-0.06,0.16,0.02357,5.2E-4,11.876,0.0056,GAIA2,0.4363,0.014,0.4592,0.0054,0.4364,0.018,0.4284,0.01,0.6789,0.12,0.4632,0.0053,"   ",Gl 362,145.71553,70.03941
111,"J09439+269 ",GJ 3564,3427,51," dM3.5",4.98,0.07,4.85,0.032,-0.02,0.16,0.01833,2.9E-4,14.388,0.019,GAIA2,0.3839,0.012,0.4145,0.006,0.3811,0.016,0.3789,0.0094,0.5136,0.089,0.417,0.0057,"   ",GJ 3564,145.98172,26.969
112,"J09447-182 ",GJ 1129,3362,51," dM4.0",5.02,0.07,4.968,0.034,0.03,0.16,0.009466,1.2E-4,11.011,0.0097,GAIA2,0.2867,0.0089,0.3229,0.0041,0.2784,0.013,0.2823,0.0069,0.3141,0.054,0.3156,0.0055,"   ",GJ 1129,146.19728,-18.2136
113,"J09468+760 ",Gl 366,3680,51," dM1.5",4.78,0.07,4.735,0.03,-0.01,0.16,0.04265,5.6E-4,15.795,0.0075,GAIA2,0.5079,0.014,0.5137,0.0069,0.5119,0.019,0.5036,0.012,0.5673,0.097,0.5175,0.0074,"   ",Gl 366,146.70203,76.04392
114,"J09511-123 ",Gl 369,3777,51," dM0.5",4.76,0.07,4.744,0.029,-0.07,0.16,0.04536,7.2E-4,13.118,0.0086,GAIA2,0.4972,0.014,0.5257,0.0045,0.5006,0.019,0.5158,0.013,0.5191,0.089,0.5275,0.0057,"   ",Gl 369,147.79017,-12.32985
115,"J09561+627 ",Gl 373,3980,51," dM0.0",4.66,0.07,4.69,0.028,0.07,0.16,0.0727,0.0014,10.533,0.0044,GAIA2,0.5668,0.016,0.6017,0.0053,0.5741,0.02,0.5886,0.015,0.5359,0.091,0.6013,0.0098,"   ",Gl 373,149.03613,62.78846
116,"J10023+480 ",Gl 378,3785,51," dM1.0",4.72,0.07,4.685,0.029,0.05,0.16,0.06099,7.1E-4,14.961,0.0067,GAIA2,0.5741,0.016,0.586,0.0047,0.5818,0.021,0.5588,0.014,0.6313,0.11,0.5838,0.0081,"   ",Gl 378,150.59063,48.0888
117,"J10122-037 ",Gl 382,3610,51," dM1.5",4.87,0.07,4.724,0.03,-0.13,0.16,0.04163,5.9E-4,7.7048,0.0047,GAIA2,0.5214,0.015,0.5223,0.0035,0.5261,0.02,0.5126,0.013,0.7355,0.13,0.5242,0.0045,"   ",Gl 382,153.07362,-3.74566
118,"J10125+570 ",LP 092-048,3406,51," dM3.5",5.0,0.07,4.931,0.033,-0.05,0.16,0.01201,1.5E-4,10.059,0.01,GAIA2,0.3146,0.0096,0.3337,0.0037,0.3079,0.014,0.3045,0.0075,0.3612,0.062,0.3315,0.0045,"   ",LP 092-048,153.14491,57.06361
119,"J10167-119 ",Gl 386,3532,51," dM3.0",4.88,0.07,4.751,0.031,0.01,0.16,0.03362,5.6E-4,13.472,0.013,GAIA2,0.4895,0.015,0.4971,0.0039,0.4925,0.019,0.4761,0.011,0.6633,0.11,0.5006,0.0047,"   ",Gl 386,154.19145,-11.96178
120,"J10251-102 ",Gl 390,3780,51," dM1.0",4.72,0.07,4.736,0.03,0.06,0.16,0.04742,9.8E-4,12.821,0.016,GAIA2,0.5075,0.015,,,0.5115,0.019,0.5265,0.013,0.4933,0.084,,,"   ",Gl 390,156.29515,-10.22869
121,"J10289+008 ",Gl 393,3579,51," dM2.0",4.88,0.07,4.808,0.032,-0.09,0.16,0.02687,5.4E-4,7.0328,0.0025,GAIA2,0.4261,0.013,0.4459,0.0073,0.4256,0.017,0.4317,0.011,0.5026,0.087,0.4526,0.0068,"   ",Gl 393,157.23146,0.841
122,"J10350-094 ",LP 670-017,3469,51," dM3.0",4.94,0.07,4.853,0.032,-0.02,0.16,0.019,2.7E-4,16.292,0.021,GAIA2,0.3814,0.012,0.4103,0.003,0.3784,0.016,0.3896,0.0095,0.4624,0.08,0.4152,0.0036,"   ",LP 670-017,158.75466,-9.41072
123,"J10396-069 ",Gl 399,3554,51," dM2.5",4.88,0.07,4.772,0.032,-0.02,0.16,0.03107,6.8E-4,15.579,0.022,GAIA2,0.4647,0.014,0.4894,0.0053,0.4664,0.019,0.4678,0.011,0.5978,0.1,0.4935,0.0057,"   ",Gl 399,159.91902,-6.92375
124,"J10416+376 ",GJ 1134,3272,51," dM4.5",5.07,0.07,5.05,0.036,0.07,0.16,0.005585,6.3E-5,10.055,0.0071,GAIA2,0.2325,0.0074,0.259,0.0025,0.2213,0.012,0.205,0.0053,0.2318,0.04,0.2403,0.0031,"   ",GJ 1134,160.40782,37.61088
125,"J10504+331 ",GJ 3626,3393,51," dM4.0",4.99,0.07,4.829,0.032,0.07,0.16,0.01955,2.5E-4,22.609,0.056,GAIA2,0.4045,0.012,0.4375,0.0044,0.4028,0.017,0.4045,0.0096,0.5835,0.1,0.4399,0.0055,"   ",GJ 3626,162.60839,33.10113
126,"J10508+068 ",Gl 402,3345,51," dM4.0",5.03,0.07,4.996,0.035,0.01,0.16,0.008061,1.6E-4,6.9686,0.0029,GAIA2,0.2672,0.0086,0.2991,0.0029,0.2579,0.013,0.2681,0.0064,0.2792,0.048,0.2891,0.0048,"   ",Gl 402,162.7168,6.80813
127,"J11000+228 ",Gl 408,3499,51," dM2.5",4.94,0.07,4.845,0.235,-0.11,0.16,0.02044,0.0097,6.7508,0.0027,GAIA2,0.3889,0.093,0.4182,0.0082,0.3863,0.098,0.387,0.078,0.4807,0.24,0.4235,0.0071,"   ",Gl 408,165.01774,22.83296
128,"J11026+219 ",Gl 410,3905,51," dM1.0",4.69,0.07,4.717,0.028,0.04,0.16,0.05908,7.8E-4,11.936,0.0085,GAIA2,0.5308,0.014,0.5698,0.0043,0.5361,0.019,0.556,0.014,0.5036,0.086,0.568,0.008,"   ",Gl 410,165.65976,21.96714
129,"J11033+359 ",Gl 411,3601,51," dM1.5",4.87,0.07,4.878,0.045,-0.09,0.16,0.01951,0.0013,2.5469,0.0043,"  HIP",0.3587,0.016,0.408,0.038,0.3545,0.019,0.4071,0.05,0.3481,0.064,0.4153,0.038,Out,Gl 411,165.83414,35.96988
130,"J11054+435 ",Gl 412A,3639,51," dM1.0",4.92,0.07,4.86,0.031,-0.3,0.16,0.02223,4.4E-4,4.848,0.024,"  HIP",0.375,0.011,,,0.3716,0.015,0.3886,0.01,0.4269,0.073,,,Out,Gl 412A,166.36907,43.52678
131,"J11110+304 ",Gl 414B,3753,51," dM2.0",4.71,0.07,4.716,0.029,0.13,0.16,0.05079,5.7E-4,11.876,0.0085,GAIA2,0.5328,0.015,0.5744,0.0048,0.5382,0.02,0.5471,0.014,0.5313,0.091,0.5708,0.0075,"   ",Gl 414B,167.76057,30.44481
132,"J11126+189 ",GJ 3649,3645,51," dM1.5",4.86,0.07,4.708,0.03,-0.14,0.16,0.04695,8.1E-4,16.683,0.014,GAIA2,0.5431,0.016,,,0.5491,0.021,0.5307,0.013,0.7798,0.13,,,"   ",GJ 3649,168.16238,18.93484
133,"J11201-104 ",LP 733-099,3542,51," dM2.0",4.95,0.07,4.711,0.031,-0.21,0.16,0.04123,6.9E-4,18.907,0.018,GAIA2,0.539,0.016,0.5292,0.0056,0.5447,0.021,0.5123,0.013,0.9449,0.16,0.53,0.0065,"   ",LP 733-099,170.02544,-10.49631
134,"J11289+101 ",GJ 3666,3375,51," dM3.5",5.01,0.07,4.977,0.034,0.0,0.16,0.009175,1.5E-4,12.806,0.023,GAIA2,0.28,0.0088,0.3129,0.0048,0.2715,0.013,0.2709,0.0068,0.2928,0.051,0.307,0.0064,"   ",GJ 3666,172.23441,10.17757
135,"J11302+076 ",K2-18,3513,51," dM2.5",4.91,0.07,4.796,0.031,-0.03,0.16,0.0264,4.2E-4,38.066,0.072,GAIA2,0.4384,0.013,0.4628,0.0054,0.4386,0.018,0.4447,0.011,0.5701,0.098,0.4684,0.0057,"   ",K2-18,172.56049,7.5884
136,"J11306-080 ",LP 672-042,3422,51," dM3.5",4.98,0.07,4.882,0.032,-0.01,0.16,0.0156,1.8E-4,13.443,0.013,GAIA2,0.3552,0.011,0.3868,0.0025,0.3507,0.015,0.3615,0.0086,0.4397,0.076,0.3896,0.0032,"   ",LP 672-042,172.67427,-8.09527
137,"J11417+427 ",GJ 1148,3375,51," dM4.0",4.99,0.07,4.879,0.033,0.09,0.16,0.01499,1.7E-4,11.018,0.0061,GAIA2,0.3579,0.011,0.4007,0.0036,0.3537,0.015,0.3456,0.0082,0.4568,0.079,0.399,0.004,"   ",GJ 1148,175.43598,42.75197
138,"J11421+267 ",Gl 436,3505,51," dM2.5",4.91,0.07,4.807,0.031,-0.04,0.16,0.02477,3.6E-4,9.7561,0.0086,GAIA2,0.4267,0.013,0.452,0.0039,0.4262,0.017,0.4233,0.01,0.5401,0.093,0.4576,0.0043,"   ",Gl 436,175.54622,26.70657
139,"J11467-140 ",Gl 443,3570,51," dM3.0",4.82,0.07,4.735,0.03,0.11,0.16,0.03779,5.3E-4,19.384,0.023,GAIA2,0.5079,0.015,0.524,0.0055,0.5119,0.02,0.5041,0.012,0.622,0.11,0.5249,0.0065,"   ",Gl 443,176.6788,-14.01438
140,"J11476+002 ",GJ 3685A,3256,51," dM4.0",5.1,0.07,4.89,0.034,-0.1,0.16,0.01226,2.1E-4,18.801,0.025,GAIA2,0.3479,0.011,,,0.343,0.015,0.3282,0.0086,0.5561,0.097,,,"   ",GJ 3685,176.91978,0.25558
141,"J11476+786 ",Gl 445,3369,51," dM3.5",5.02,0.07,5.003,0.035,0.0,0.16,0.007991,1.5E-4,5.256,0.0014,GAIA2,0.2623,0.0083,0.2883,0.0034,0.2527,0.012,0.2437,0.0064,0.2629,0.046,0.2793,0.0054,"   ",Gl 445,176.92245,78.69116
142,"J11477+008 ",Gl 447,3264,51," dM4.0",5.09,0.07,5.12,0.038,-0.04,0.16,0.003838,6.7E-5,3.3748,8.0E-4,GAIA2,0.1936,0.0063,0.2208,0.0027,0.1803,0.011,0.1764,0.0045,0.1683,0.029,0.1962,0.0027,"   ",Gl 447,176.93499,0.80456
143,"J11509+483 ",GJ 1151,3221,51," dM4.5",5.11,0.07,5.138,0.038,-0.05,0.16,0.003296,3.7E-5,8.0379,0.0078,GAIA2,0.1843,0.0059,0.2144,0.0029,0.1704,0.01,0.1683,0.0041,0.1597,0.028,0.1885,0.003,"   ",GJ 1151,177.74051,48.37738
144,"J11511+352 ",Gl 450,3645,51," dM1.5",4.87,0.07,4.781,0.03,-0.17,0.16,0.03299,4.0E-4,8.7612,0.0031,GAIA2,0.4553,0.013,0.4833,0.0051,0.4564,0.018,0.4618,0.011,0.5608,0.096,0.4885,0.0059,"   ",Gl 450,177.78057,35.27201
145,"J12054+695 ",GJ 3704,3338,51," dM4.0",5.02,0.07,4.944,0.034,0.1,0.16,0.01036,1.2E-4,15.456,0.0072,GAIA2,0.3042,0.0095,0.3415,0.0046,0.297,0.014,0.2958,0.0075,0.3536,0.061,0.3344,0.0053,"   ",GJ 3704,181.37367,69.53961
146,"J12100-150 ",GJ 3707,3375,51," dM3.5",4.98,0.07,4.863,0.033,0.17,0.16,0.01622,2.7E-4,12.262,0.015,GAIA2,0.3723,0.012,0.4096,0.005,0.3688,0.016,0.3754,0.0094,0.4831,0.084,0.4092,0.0056,"   ",GJ 3707,182.52334,-15.07138
147,"J12111-199 ",GJ 3708A,3471,51," dM3.0",4.95,0.07,4.878,0.032,-0.06,0.16,0.01684,2.1E-4,12.763,0.0098,GAIA2,0.3587,0.011,0.3824,0.0046,0.3544,0.015,0.3608,0.0086,0.4185,0.072,0.3877,0.0054,"   ",GJ 3708,182.799,-19.96057
148,J12123+544S,Gl 458A,3933,51," dM0.0",4.7,0.07,4.687,0.029,-0.03,0.16,0.07019,0.0015,15.242,0.007,GAIA2,0.5704,0.016,0.5831,0.012,0.5778,0.021,0.5804,0.014,0.5951,0.1,0.5836,0.013,"   ",Gl 458A,183.08692,54.48576
149,"J12156+526 ",StKM 2-809,3339,51," dM4.0",5.06,0.07,4.698,0.033,-0.12,0.16,0.03463,8.1E-4,25.381,0.14,GAIA2,0.5558,0.018,0.5251,0.0052,0.5625,0.023,0.4877,0.012,1.294,0.23,0.5251,0.0057,Out,StKM 2-809,183.91403,52.65242
150,"J12189+111 ",GJ 1156,3115,51," dM5.0",5.15,0.07,5.19,0.041,-0.02,0.16,0.00218,2.8E-5,6.4721,0.0046,GAIA2,0.1603,0.0053,0.1815,0.0023,0.1451,0.0098,0.1401,0.0037,0.1325,0.023,0.1507,0.0021,"   ",GJ 1156,184.7475,11.12605
151,"J12230+640 ",Gl 463,3540,51," dM3.0",4.86,0.07,4.753,0.031,0.05,0.16,0.03362,5.2E-4,18.365,0.01,GAIA2,0.4872,0.015,0.5049,0.0058,0.4901,0.019,0.4765,0.011,0.6275,0.11,0.508,0.0062,"   ",Gl 463,185.75067,64.03082
152,"J12248-182 ",Gl 465,3485,51," dM2.0",4.98,0.07,4.989,0.033,-0.17,0.16,0.009796,1.5E-4,8.87,0.0055,GAIA2,0.2714,0.0082,0.2858,0.0034,0.2623,0.012,0.2612,0.0065,0.2567,0.044,0.2828,0.0058,Out,Gl 465,186.21876,-18.24229
153,"J12312+086 ",Gl 471,3914,51," dM0.5",4.71,0.07,4.707,0.032,-0.07,0.16,0.06264,0.002,13.557,0.075,GAIA2,0.5441,0.017,0.5707,0.014,0.5501,0.021,0.5673,0.014,0.5541,0.096,0.5694,0.014,"   ",Gl 471,187.81584,8.81061
154,"J12350+098 ",Gl 476,3572,51," dM2.5",4.85,0.07,4.764,0.031,0.02,0.16,0.03297,5.1E-4,18.169,0.017,GAIA2,0.4739,0.014,0.4802,0.0051,0.476,0.018,0.4676,0.011,0.5802,0.1,0.4858,0.0056,"   ",Gl 476,188.75294,9.82849
155,"J12373-208 ",LP 795-038,3394,51," dM4.0",4.97,0.07,4.822,0.032,0.13,0.16,0.02025,2.5E-4,23.906,0.04,GAIA2,0.4114,0.013,0.4498,0.0042,0.4101,0.017,0.4122,0.01,0.5764,0.099,0.4502,0.0046,"   ",LP 795-038,189.33986,-20.87653
156,"J12388+116 ",Gl 480,3439,51," dM3.0",4.96,0.07,4.773,0.032,0.0,0.16,0.02713,4.6E-4,14.241,0.014,GAIA2,0.4638,0.014,0.4825,0.0036,0.4653,0.019,0.4566,0.012,0.716,0.12,0.4859,0.0043,"   ",Gl 480,189.7185,11.69615
157,"J12428+418 ",G 123-055,3317,51," dM4.0",5.06,0.07,4.848,0.033,-0.07,0.16,0.01625,1.9E-4,14.306,0.014,GAIA2,0.3858,0.012,0.4073,0.0029,0.3831,0.016,0.3688,0.0088,0.6237,0.11,0.4069,0.0036,"   ",G 123-055,190.70785,41.89643
158,"J12479+097 ",Gl 486,3389,51," dM3.5",5.0,0.07,4.933,0.033,0.03,0.16,0.01164,1.9E-4,8.0762,0.0039,GAIA2,0.3128,0.0097,0.356,0.0041,0.3061,0.014,0.3135,0.0076,0.3571,0.062,0.3518,0.0047,"   ",Gl 486,191.98594,9.7514
159,"J13005+056 ",Gl 493.1,3192,51," dM4.5",5.13,0.07,5.104,0.038,-0.04,0.16,0.003822,7.0E-5,8.5609,0.015,GAIA2,0.2021,0.0067,0.2238,0.0037,0.1892,0.011,0.1777,0.0048,0.2011,0.035,0.1976,0.0039,"   ",Gl 493.1,195.13967,5.68556
160,"J13102+477 ",G 177-025,3157,51," dM5.0",5.16,0.07,5.142,0.039,-0.15,0.16,0.002979,2.7E-5,12.191,0.0089,GAIA2,0.1824,0.006,0.2005,0.0015,0.1684,0.01,0.1573,0.0038,0.1755,0.031,0.1724,0.0017,"   ",G 177-025,197.55262,47.75519
161,"J13196+333 ",Gl 507.1,3812,51," dM1.5",4.67,0.07,4.708,0.029,0.18,0.16,0.05593,7.1E-4,16.861,0.0085,GAIA2,0.542,0.015,0.5809,0.0054,0.5479,0.02,0.5626,0.014,0.5014,0.085,0.5783,0.0084,"   ",Gl 507.1,199.91719,33.34653
162,"J13209+342 ",Gl 508.2,3763,51," dM1.0",4.73,0.07,4.729,0.226,0.03,0.16,0.04814,0.022,16.644,0.011,GAIA2,0.516,0.12,0.5446,0.0054,0.5205,0.13,0.5333,0.079,0.5218,0.25,0.5445,0.0073,"   ",Gl 508.2,200.24186,34.27894
163,"J13229+244 ",GJ 3779,3324,51," dM4.0",5.05,0.07,4.976,0.034,0.0,0.16,0.008667,1.1E-4,13.748,0.011,GAIA2,0.2806,0.0088,0.3064,0.0028,0.2721,0.013,0.2541,0.0071,0.3224,0.056,0.2997,0.0045,"   ",GJ 3779,200.73645,24.46767
164,J13283-023W,Gl 512A,3482,51," dM3.0",4.92,0.07,4.794,0.033,0.01,0.16,0.02577,6.2E-4,13.122,0.06,GAIA2,0.441,0.014,0.4546,0.0047,0.4413,0.018,0.4402,0.011,0.5903,0.1,0.4602,0.005,"   ",Gl 512A,202.08783,-2.36031
165,"J13293+114 ",Gl 513,3449,51," dM3.5",4.93,0.07,4.794,0.033,0.09,0.16,0.02481,5.3E-4,19.12,0.018,GAIA2,0.4409,0.014,0.4525,0.0054,0.4412,0.018,0.4229,0.011,0.6038,0.1,0.4576,0.0055,"   ",Gl 513,202.3388,11.44074
166,"J13299+102 ",Gl 514,3714,51," dM0.5",4.81,0.07,4.752,0.029,-0.15,0.16,0.04076,4.9E-4,7.6196,0.0029,GAIA2,0.4874,0.014,0.5009,0.0044,0.4903,0.018,0.5054,0.013,0.5598,0.096,0.5071,0.0058,"   ",Gl 514,202.49911,10.37716
167,"J13427+332 ",GJ 3801,3373,51," dM3.5",5.02,0.07,4.987,0.034,-0.01,0.16,0.008699,8.3E-5,9.1886,0.0034,GAIA2,0.273,0.0084,0.3117,0.0033,0.264,0.013,0.2668,0.0066,0.2848,0.049,0.3039,0.0064,"   ",GJ 3801,205.68029,33.29009
168,"J13450+176 ",Gl 525,3806,51," dM1.0",4.85,0.07,4.747,0.029,-0.43,0.16,0.04609,5.2E-4,12.912,0.0067,GAIA2,0.4936,0.014,0.4916,0.0055,0.4968,0.018,0.4995,0.013,0.6295,0.11,0.5004,0.0064,"   ",Gl 525,206.27117,17.78544
169,"J13457+148 ",Gl 526,3678,51," dM1.5",4.79,0.07,4.767,0.034,-0.04,0.16,0.03651,0.0013,5.4354,0.0015,GAIA2,0.4704,0.015,0.5105,0.0074,0.4723,0.02,0.487,0.012,0.4979,0.087,0.514,0.0076,"   ",Gl 526,206.4324,14.89152
170,"J13458-179 ",GJ 3804,3402,51," dM3.5",4.99,0.07,4.898,0.033,0.01,0.16,0.01408,2.4E-4,11.207,0.01,GAIA2,0.3414,0.011,0.3754,0.0038,0.3362,0.015,0.339,0.01,0.4157,0.072,0.3756,0.0044,"   ",GJ 3804,206.46131,-17.96822
171,"J13536+776 ",RX J1353.6+7737,3295,51," dM4.0",5.08,0.07,4.977,0.035,-0.07,0.16,0.008348,1.4E-4,13.25,0.0088,GAIA2,0.2803,0.009,,,0.2717,0.013,0.2645,0.0065,0.3447,0.06,,,"   ",RX J1353.6+7737,208.41165,77.61893
172,"J13582+125 ",GJ 3817,3372,51," dM3.0",5.05,0.07,5.05,0.035,-0.15,0.16,0.006298,8.3E-5,9.3528,0.0079,GAIA2,0.2324,0.0072,0.2495,0.0025,0.2212,0.011,0.2174,0.0055,0.2212,0.038,0.2353,0.0035,"   ",GJ 3817,209.55801,12.57886
173,"J13591-198 ",GJ 3820,3264,51," dM4.0",5.09,0.07,4.993,0.035,-0.04,0.16,0.007412,1.2E-4,10.819,0.0094,GAIA2,0.2691,0.0087,0.2979,0.0049,0.2599,0.013,0.2531,0.0066,0.3251,0.056,0.2845,0.0066,"   ",GJ 3820,209.79338,-19.83435
174,"J14010-026 ",Gl 536,3724,51," dM1.0",4.77,0.07,4.743,0.03,-0.04,0.16,0.04309,6.9E-4,10.412,0.0098,GAIA2,0.4985,0.014,0.5164,0.0031,0.502,0.019,0.5102,0.012,0.534,0.091,0.52,0.0043,"   ",Gl 536,210.26328,-2.65487
175,"J14082+805 ",Gl 540,3841,51," dM1.0",4.67,0.07,4.684,0.03,0.16,0.16,0.06477,0.0016,17.191,0.0089,GAIA2,0.5745,0.017,,,0.5822,0.022,0.579,0.015,0.5634,0.097,,,"   ",Gl 540,212.05409,80.59728
176,"J14152+450 ",GJ 3836,3480,51," dM3.0",4.91,0.07,4.792,0.031,0.04,0.16,0.02598,3.8E-4,16.987,0.012,GAIA2,0.4432,0.013,0.4697,0.0035,0.4437,0.018,0.4314,0.01,0.5827,0.1,0.4741,0.0041,"   ",GJ 3836,213.82075,45.0148
177,"J14173+454 ",RX J1417.3+4525,3196,51," dM5.0",5.13,0.07,4.963,0.035,-0.1,0.16,0.007932,1.0E-4,19.327,0.06,GAIA2,0.2904,0.0094,0.3198,0.0029,0.2824,0.013,0.2572,0.0063,0.4152,0.072,0.3081,0.0044,Out,RX J1417.3+4525,214.34209,45.42944
178,"J14251+518 ",Gl 549B,3521,51," dM2.5",4.91,0.07,4.832,0.031,-0.07,0.16,0.02231,2.7E-4,14.537,0.0085,GAIA2,0.4013,0.012,0.4197,0.0053,0.3994,0.016,0.4043,0.011,0.4777,0.082,0.4278,0.0054,"   ",Gl 549B,216.29825,51.83142
179,J14257+236E,Gl 548B,3947,51," dM0.5",4.65,0.07,4.682,0.028,0.17,0.16,0.07316,0.001,16.34,0.013,GAIA2,0.5782,0.015,0.6249,0.0044,0.5861,0.021,0.5977,0.015,0.545,0.093,0.627,0.01,"   ",Gl 548B,216.44438,23.62047
180,J14257+236W,Gl 548A,4024,51," dM0.0",4.64,0.07,4.671,0.027,0.17,0.16,0.0833,0.0012,16.345,0.013,GAIA2,0.5936,0.016,0.6389,0.0049,0.6023,0.021,0.6149,0.016,0.5613,0.095,0.6449,0.011,"   ",Gl 548A,216.43115,23.61708
181,"J14294+155 ",Gl 552,3671,51," dM2.0",4.76,0.07,4.749,0.031,0.06,0.16,0.03964,7.8E-4,14.249,0.01,GAIA2,0.492,0.015,0.5268,0.0046,0.4951,0.019,0.5054,0.012,0.5083,0.087,0.5274,0.0062,"   ",Gl 552,217.37374,15.53264
182,"J14307-086 ",Gl 553,4089,51," dM0.5",4.63,0.07,4.653,0.027,0.14,0.16,0.09668,0.0014,15.783,0.01,GAIA2,0.6193,0.016,0.7408,0.025,0.6295,0.021,0.6333,0.016,0.5971,0.1,0.6239,0.046,"   ",Gl 553,217.69882,-8.64633
183,"J14310-122 ",Gl 553.1,3400,51," dM3.5",5.0,0.07,4.923,0.033,0.0,0.16,0.01242,1.7E-4,10.861,0.012,GAIA2,0.321,0.0099,0.3538,0.0033,0.3147,0.014,0.32,0.0079,0.376,0.065,0.3521,0.0041,"   ",Gl 553.1,217.75484,-12.2961
184,"J14342-125 ",Gl 555,3337,51," dM4.0",5.01,0.07,4.965,0.034,0.12,0.16,0.009315,1.5E-4,6.2457,0.0043,GAIA2,0.2886,0.0091,0.3357,0.0032,0.2805,0.013,0.2941,0.0082,0.311,0.054,0.3272,0.0049,"   ",Gl 555,218.57005,-12.51956
185,"J14524+123 ",GJ 3871,3548,51," dM2.0",4.89,0.07,4.71,0.033,-0.08,0.16,0.04167,0.0012,20.687,0.017,GAIA2,0.5401,0.018,0.5448,0.004,0.5458,0.022,0.5197,0.013,0.8264,0.14,0.5431,0.0058,"   ",GJ 3871,223.11889,12.39244
186,"J14544+355 ",GJ 3873,3379,51," dM3.5",5.0,0.07,4.873,0.033,0.06,0.16,0.01549,1.9E-4,14.91,0.011,GAIA2,0.3631,0.011,0.3942,0.0043,0.3591,0.015,0.3469,0.0085,0.4812,0.083,0.3957,0.0043,"   ",GJ 3873,223.61628,35.54917
187,"J15013+055 ",GJ 3885,3425,51," dM3.0",4.99,0.07,4.889,0.032,-0.06,0.16,0.01514,1.8E-4,14.995,0.013,GAIA2,0.3493,0.011,0.3764,0.003,0.3445,0.015,0.3548,0.0089,0.4351,0.075,0.3792,0.0038,"   ",GJ 3885,225.33378,5.54876
188,"J15095+031 ",GJ 3892,3492,51," dM3.0",4.92,0.07,4.791,0.031,-0.01,0.16,0.0264,3.1E-4,14.601,0.013,GAIA2,0.4437,0.013,0.4598,0.0044,0.4442,0.018,0.4381,0.01,0.5976,0.1,0.4651,0.0048,"   ",GJ 3892,227.3983,3.16682
189,"J15194-077 ",Gl 581,3441,51," dM3.0",4.98,0.07,4.939,0.033,-0.08,0.16,0.01202,2.0E-4,6.2992,0.002,GAIA2,0.3083,0.0095,0.3365,0.0044,0.3013,0.014,0.3115,0.0078,0.3313,0.057,0.3352,0.0051,"   ",Gl 581,229.86178,-7.72228
190,"J15218+209 ",GJ 9520,3486,51," dM1.5",5.02,0.07,4.677,0.031,-0.34,0.16,0.04557,6.8E-4,11.444,0.0065,GAIA2,0.585,0.018,0.5546,0.0044,0.5932,0.022,0.5318,0.014,1.308,0.23,0.5521,0.0067,Out,GJ 9520,230.47055,20.97775
191,"J15369-141 ",Gl 592,3370,51," dM4.0",5.0,0.07,4.931,0.033,0.07,0.16,0.01153,1.4E-4,13.955,0.016,GAIA2,0.3148,0.0097,0.3503,0.0032,0.3082,0.014,0.3102,0.0078,0.3617,0.062,0.3447,0.0038,"   ",Gl 592,234.24427,-14.13382
192,"J15474-108 ",GJ 3916,3528,51," dM2.0",4.95,0.07,4.745,0.032,-0.21,0.16,0.03444,6.7E-4,15.995,0.072,GAIA2,0.4966,0.015,,,0.4999,0.02,0.4898,0.012,0.8021,0.14,,,New,GJ 3916,236.85229,-10.89646
193,"J15499+796 ",LP 022-420,3152,51," dM5.0",5.13,0.07,4.973,0.038,-0.01,0.16,0.007138,2.0E-4,20.653,0.13,GAIA2,0.2832,0.01,0.3114,0.0039,0.2748,0.014,0.2512,0.0062,0.3948,0.069,0.2929,0.005,Out,LP 022-420,237.47982,79.66435
194,"J15598-082 ",Gl 606,3625,51," dM1.0",4.89,0.07,4.748,0.031,-0.19,0.16,0.03781,8.3E-4,13.293,0.0088,GAIA2,0.4928,0.015,0.5107,0.006,0.4959,0.019,0.4894,0.013,0.688,0.12,0.5132,0.0066,"   ",Gl 606,239.97242,-8.25321
195,"J16028+205 ",Gl 609,3330,51," dM4.0",5.04,0.07,5.015,0.034,0.04,0.16,0.007173,6.4E-5,10.01,0.006,GAIA2,0.2543,0.0079,0.2966,0.0022,0.2444,0.012,0.2418,0.0058,0.2588,0.045,0.285,0.0035,"   ",Gl 609,240.71227,20.58917
196,"J16092+093 ",G 137-084,3450,51," dM3.0",4.98,0.07,4.861,0.032,-0.1,0.16,0.0179,1.9E-4,13.539,0.011,GAIA2,0.3743,0.011,0.3916,0.0043,0.371,0.015,0.3665,0.0088,0.4883,0.084,0.3974,0.005,"   ",G 137-084,242.31777,9.3521
197,"J16102-193 ",K2-33,3657,51," dM3.0",4.73,0.07,4.528,0.032,0.18,0.16,0.1124,0.0032,139.86,1.6,GAIA2,0.8348,0.026,1.002,0.035,0.8569,0.032,0.7028,0.02,1.366,0.24,0.4288,0.097,Out,K2-33,242.56141,-19.31928
198,J16167+672N,Gl 617B,3488,51," dM3.0",4.93,0.07,4.767,0.033,-0.03,0.16,0.02949,6.9E-4,10.764,0.0046,GAIA2,0.4701,0.015,0.4855,0.006,0.472,0.019,0.4595,0.011,0.6864,0.12,0.4896,0.006,"   ",Gl 617B,244.18881,67.25624
199,J16167+672S,Gl 617A,4090,51," dM0.0",4.62,0.07,4.654,0.03,0.15,0.16,0.09616,0.0028,10.768,0.0035,GAIA2,0.6173,0.018,0.7803,0.035,0.6274,0.023,0.6312,0.016,0.5797,0.099,0.5979,0.072,"   ",Gl 617A,244.17811,67.23884
200,"J16254+543 ",Gl 625,3525,51," dM1.5",4.97,0.07,4.916,0.032,-0.26,0.16,0.01482,2.2E-4,6.4737,0.0013,GAIA2,0.3263,0.0097,0.3367,0.004,0.3202,0.014,0.3209,0.0083,0.3626,0.062,0.3433,0.0052,"   ",Gl 625,246.3526,54.3041
201,"J16303-126 ",Gl 628,3389,51," dM3.5",5.0,0.07,4.947,0.034,0.0,0.16,0.01084,1.9E-4,4.3064,0.0011,GAIA2,0.3019,0.0095,0.3373,0.0034,0.2945,0.014,0.3022,0.0076,0.3326,0.058,0.332,0.0042,"   ",Gl 628,247.57524,-12.66259
202,"J16327+126 ",GJ 1203,3487,51," dM3.0",4.91,0.07,4.839,0.032,0.01,0.16,0.02072,2.8E-4,18.501,0.051,GAIA2,0.3943,0.012,0.4247,0.003,0.392,0.016,0.3886,0.0097,0.4612,0.079,0.4312,0.0037,"   ",GJ 1203,248.1883,12.61278
203,"J16462+164 ",GJ 3972,3506,51," dM2.5",4.92,0.07,4.803,0.031,-0.06,0.16,0.02526,3.4E-4,15.77,0.0099,GAIA2,0.4306,0.013,0.447,0.0029,0.4303,0.017,0.4268,0.01,0.5628,0.097,0.4529,0.0036,"   ",GJ 3972,251.55726,16.478
204,J16554-083N,Gl 643,3345,51," dM3.5",5.04,0.07,5.062,0.036,-0.05,0.16,0.00572,8.6E-5,6.4969,0.0055,GAIA2,0.2251,0.0071,0.2487,0.0029,0.2135,0.011,0.2093,0.005,0.2028,0.035,0.2319,0.0038,"   ",Gl 643,253.85509,-8.32258
205,"J16570-043 ",GJ 1207,3284,51," dM3.5",5.09,0.07,5.012,0.035,-0.1,0.16,0.006901,1.0E-4,8.6934,0.006,GAIA2,0.2565,0.0082,0.2763,0.0039,0.2466,0.012,0.2352,0.0058,0.2954,0.051,0.2624,0.0066,"   ",GJ 1207,254.2739,-4.34898
206,"J16581+257 ",Gl 649,3734,51," dM1.0",4.78,0.07,4.734,0.03,-0.08,0.16,0.04558,0.001,10.383,0.0032,GAIA2,0.5099,0.015,0.5317,0.0051,0.5141,0.02,0.5188,0.013,0.5717,0.098,0.5328,0.0074,"   ",Gl 649,254.53687,25.74416
207,"J17033+514 ",GJ 3988,3243,51," dM4.5",5.08,0.07,5.115,0.038,0.05,0.16,0.003837,4.7E-5,9.9138,0.0039,GAIA2,0.1961,0.0063,0.233,0.0032,0.1829,0.011,0.1826,0.0046,0.1687,0.029,0.2081,0.0035,"   ",GJ 3988,255.84951,51.40635
208,"J17052-050 ",Gl 654,3642,51," dM1.5",4.81,0.07,4.771,0.03,-0.01,0.16,0.03445,4.3E-4,10.456,0.0066,GAIA2,0.466,0.013,0.4568,0.0059,0.4677,0.018,0.4641,0.012,0.5117,0.088,0.4682,0.0063,"   ",Gl 654,256.30742,-5.09424
209,"J17071+215 ",Gl 655,3486,51," dM3.0",4.94,0.07,4.839,0.033,-0.07,0.16,0.02075,4.8E-4,14.053,0.0079,GAIA2,0.3947,0.012,0.4207,0.0043,0.3925,0.017,0.3945,0.0094,0.4952,0.086,0.4273,0.0054,"   ",Gl 655,256.78121,21.55402
210,"J17115+384 ",GJ 3992,3426,51," dM3.5",4.97,0.07,4.845,0.032,0.01,0.16,0.01877,2.7E-4,12.026,0.0072,GAIA2,0.3887,0.012,0.4146,0.0049,0.3862,0.016,0.3787,0.0092,0.5146,0.089,0.4178,0.005,"   ",GJ 3992,257.89478,38.44275
211,"J17166+080 ",GJ 2128,3543,51," dM2.0",4.91,0.07,4.825,0.031,-0.1,0.16,0.02366,3.5E-4,15.119,0.0091,GAIA2,0.4081,0.012,0.4242,0.0039,0.4066,0.016,0.4099,0.01,0.494,0.085,0.432,0.0047,"   ",GJ 2128,259.17075,8.05839
212,"J17198+417 ",Gl 671,3498,51," dM2.5",4.93,0.07,4.873,0.033,-0.07,0.16,0.01779,3.6E-4,12.231,0.006,GAIA2,0.363,0.011,0.3941,0.0044,0.359,0.015,0.3666,0.0088,0.4093,0.071,0.4007,0.005,"   ",Gl 671,259.96964,41.71381
213,"J17303+055 ",Gl 678.1 A,3812,51," dM0.0",4.77,0.07,4.717,0.029,-0.15,0.16,0.05378,7.4E-4,10.116,0.0041,GAIA2,0.5315,0.015,,,0.5368,0.019,0.5419,0.014,0.6071,0.1,,,"   ",Gl 678.1 A,262.5947,5.54852
214,"J17355+616 ",Gl 685,3893,51," dM0.5",4.69,0.07,4.717,0.028,0.06,0.16,0.0585,6.4E-4,14.32,0.0082,GAIA2,0.5315,0.014,0.5748,0.0067,0.5368,0.019,0.5587,0.014,0.5049,0.086,0.5732,0.0093,"   ",Gl 685,263.89366,61.68156
215,"J17378+185 ",Gl 686,3656,51," dM1.0",4.87,0.07,4.807,0.032,-0.23,0.16,0.02934,7.3E-4,8.1593,0.002,GAIA2,0.4268,0.013,,,0.4263,0.017,0.4421,0.011,0.4928,0.085,,,"   ",Gl 686,264.47228,18.59171
216,"J17542+073 ",GJ 1222,3322,51," dM4.0",5.02,0.07,4.94,0.034,0.12,0.16,0.0104,1.5E-4,16.072,0.015,GAIA2,0.3077,0.0097,0.3543,0.0028,0.3006,0.014,0.2966,0.0079,0.3618,0.063,0.3449,0.0036,"   ",GJ 1222,268.57135,7.37911
217,"J17578+046 ",Gl 699,3273,51," dM3.5",5.11,0.07,5.136,0.039,-0.15,0.16,0.003558,7.2E-5,1.8267,9.7E-4,GAIA2,0.1854,0.0061,,,0.1716,0.01,0.1604,0.0039,0.1616,0.028,,,"   ",Gl 699,269.45208,4.69336
218,"J17578+465 ",GJ 4040,3441,51," dM2.5",4.97,0.07,4.831,0.033,-0.04,0.16,0.02053,4.0E-4,13.99,0.0078,GAIA2,0.403,0.013,0.4296,0.0051,0.4012,0.017,0.3997,0.0095,0.5531,0.096,0.4342,0.005,"   ",GJ 4040,269.46236,46.58865
219,"J18022+642 ",LP 071-082,3124,51," dM5.0",5.16,0.07,5.122,0.04,-0.09,0.16,0.003188,6.6E-5,7.7827,0.0036,GAIA2,0.1927,0.0066,0.2063,0.0039,0.1793,0.011,0.1618,0.004,0.1959,0.034,0.1789,0.0033,"   ",LP 071-082,270.56919,64.26229
220,"J18027+375 ",GJ 1223,3163,51," dM5.0",5.12,0.07,5.184,0.04,0.03,0.16,0.002392,2.2E-5,12.213,0.0089,GAIA2,0.1628,0.0053,0.195,0.0012,0.1477,0.0098,0.144,0.0035,0.1275,0.022,0.1648,0.0014,"   ",GJ 1223,270.69277,37.51749
221,"J18051-030 ",Gl 701,3663,51," dM1.0",4.86,0.07,4.786,0.03,-0.2,0.16,0.03279,4.9E-4,7.7286,0.0036,GAIA2,0.4494,0.013,0.4638,0.0034,0.4502,0.017,0.4664,0.012,0.5339,0.091,0.4721,0.0042,"   ",Gl 701,271.28158,-3.03132
222,"J18165+048 ",G 140-051,3226,51," dM5.0",5.09,0.07,5.126,0.038,0.04,0.16,0.00354,5.1E-5,14.674,0.024,GAIA2,0.1904,0.0062,0.2167,0.0022,0.1769,0.011,0.1775,0.0045,0.1628,0.028,0.19,0.0024,"   ",G 140-051,274.13142,4.87938
223,"J18174+483 ",TYC 3529-1437-1,3505,51," dM2.0",4.98,0.07,4.681,0.031,-0.22,0.16,0.04558,8.0E-4,19.849,0.012,GAIA2,0.5787,0.018,0.5641,0.0037,0.5866,0.022,0.5315,0.013,1.167,0.2,0.5607,0.0068,Out,TYC 3529-1437-1,274.35469,48.36731
224,J18180+387E,GJ 4048A,3440,51," dM3.0",4.98,0.07,4.942,0.032,-0.08,0.16,0.01183,7.9E-5,11.357,0.0039,GAIA2,0.3061,0.0091,0.3231,0.0031,0.299,0.013,0.2965,0.0073,0.3266,0.056,0.3228,0.0046,"   ",GJ 4048,274.51761,38.77572
225,"J18189+661 ",GJ 4053,3181,51," dM4.5",5.15,0.07,5.189,0.041,-0.17,0.16,0.002378,2.5E-5,7.647,0.0023,GAIA2,0.1605,0.0052,0.1806,9.6E-4,0.1453,0.0098,0.1392,0.0034,0.1328,0.023,0.154,0.001,"   ",GJ 4053,274.73847,66.19258
226,"J18198-019 ",Gl 710,4143,51,"   dK7",4.66,0.07,4.677,0.028,-0.11,0.16,0.0908,0.0019,19.04,0.018,GAIA2,0.5846,0.016,,,0.5929,0.021,0.619,0.016,0.5701,0.097,,,New,Gl 710,274.96184,-1.93861
227,"J18221+063 ",Gl 712,3405,51," dM4.0",4.99,0.07,4.959,0.033,0.0,0.16,0.01044,1.6E-4,14.795,0.013,GAIA2,0.2934,0.0091,0.3413,0.0034,0.2856,0.013,0.2774,0.0072,0.307,0.053,0.3338,0.0049,"   ",Gl 712,275.52782,6.34377
228,"J18224+620 ",GJ 1227,3219,51," dM4.0",5.11,0.07,5.147,0.045,-0.04,0.16,0.003141,1.5E-4,8.2305,0.15," Yale",0.1801,0.0071,0.2372,0.013,0.166,0.011,0.164,0.0051,0.1525,0.027,0.2132,0.015,"   ",GJ 1227,275.61309,62.05054
229,"J18319+406 ",GJ 4062,3413,51," dM3.5",5.01,0.07,4.865,0.033,-0.07,0.16,0.01676,2.5E-4,13.578,0.0074,GAIA2,0.3701,0.011,0.3837,0.0033,0.3665,0.016,0.3599,0.0086,0.5115,0.088,0.3873,0.0042,"   ",GJ 4062,277.99323,40.68639
230,"J18346+401 ",GJ 4063,3400,51," dM3.5",4.97,0.07,4.809,0.033,0.11,0.16,0.0217,4.5E-4,10.887,0.0059,GAIA2,0.4243,0.013,0.462,0.0034,0.4237,0.018,0.3,0.13,0.6132,0.11,0.4628,0.0039,Out,GJ 4063,278.65272,40.12399
231,"J18353+457 ",Gl 720A,3932,51," dM0.5",4.68,0.07,4.682,0.028,0.06,0.16,0.0719,0.0011,15.564,0.0073,GAIA2,0.5776,0.016,0.6005,0.0054,0.5854,0.021,0.5836,0.014,0.5828,0.099,0.6001,0.0097,"   ",Gl 720A,278.82663,45.74404
232,"J18363+136 ",GJ 4065,3304,51," dM4.0",5.08,0.07,4.933,0.034,-0.08,0.16,0.01051,1.6E-4,12.044,0.012,GAIA2,0.3128,0.01,0.3361,0.0044,0.306,0.014,0.294,0.0073,0.4293,0.074,0.3314,0.0046,"   ",GJ 4065,279.08013,13.60733
233,"J18409-133 ",Gl 724,3812,51," dM1.0",4.7,0.07,4.728,0.029,0.08,0.16,0.05081,8.7E-4,16.975,0.014,GAIA2,0.5166,0.015,0.5537,0.0033,0.5211,0.019,0.5415,0.013,0.4881,0.083,0.551,0.0062,"   ",Gl 724,280.23878,-13.37961
234,"J18419+318 ",GJ 4070,3471,51," dM3.0",4.96,0.07,4.886,0.032,-0.1,0.16,0.01614,2.3E-4,10.8,0.0035,GAIA2,0.3512,0.011,0.3833,0.0083,0.3465,0.015,0.3545,0.0087,0.4105,0.071,0.3887,0.0075,"   ",GJ 4070,280.49598,31.83049
235,"J18480-145 ",GJ 4077,3496,51," dM2.5",4.94,0.07,4.851,0.032,-0.11,0.16,0.01979,2.6E-4,17.082,0.018,GAIA2,0.3833,0.011,0.4124,0.0057,0.3804,0.016,0.3797,0.0097,0.467,0.08,0.4174,0.0052,"   ",GJ 4077,282.00529,-14.58089
236,"J18498-238 ",Gl 729,3293,51," dM3.5",5.12,0.07,5.114,0.037,-0.25,0.16,0.004106,6.4E-5,2.9751,5.3E-4,GAIA2,0.1968,0.0063,0.211,0.0013,0.1836,0.011,0.1774,0.0043,0.1863,0.032,0.1892,0.0016,"   ",Gl 729,282.45568,-23.83624
237,"J18580+059 ",Gl 740,3923,51," dM0.5",4.68,0.07,4.7,0.028,0.08,0.16,0.06529,0.001,11.105,0.0062,GAIA2,0.5529,0.015,0.5802,0.01,0.5594,0.02,0.5823,0.015,0.534,0.091,0.5799,0.012,"   ",Gl 740,284.50057,5.90812
238,"J19070+208 ",Gl 745A,3536,51," dM2.0",4.94,0.07,4.93,0.032,-0.2,0.16,0.01402,2.2E-4,8.823,0.0078,GAIA2,0.3154,0.0094,0.3371,0.0028,0.3087,0.014,0.3185,0.008,0.3162,0.054,0.3425,0.0042,Out,Gl 745A,286.77319,20.88803
239,"J19072+208 ",Gl 745B,3526,51," dM2.0",4.96,0.07,4.929,0.032,-0.23,0.16,0.0139,2.3E-4,8.8331,0.0039,GAIA2,0.3158,0.0095,0.3571,0.0038,0.3092,0.014,0.3195,0.0081,0.3319,0.057,0.3587,0.0045,Out,Gl 745B,286.80502,20.87702
240,"J19084+322 ",GJ 4098,3454,51," dM3.0",4.96,0.07,4.896,0.032,-0.03,0.16,0.01509,1.5E-4,12.467,0.0062,GAIA2,0.3429,0.01,0.3757,0.004,0.3378,0.014,0.3482,0.0083,0.3913,0.067,0.3794,0.0048,"   ",GJ 4098,287.12469,32.281
241,"J19098+176 ",GJ 1232,3259,51," dM4.5",5.08,0.07,5.104,0.037,0.02,0.16,0.004146,4.5E-5,10.262,0.017,GAIA2,0.2019,0.0064,0.2347,0.004,0.189,0.011,0.1911,0.0047,0.1789,0.031,0.2108,0.0046,"   ",GJ 1232,287.46197,17.66845
242,J19169+051N,Gl 752A,3534,51," dM2.5",4.9,0.07,4.758,0.031,-0.04,0.16,0.03258,3.9E-4,5.9116,0.0017,GAIA2,0.4813,0.014,,,0.4838,0.019,0.4746,0.011,0.6715,0.12,,,"   ",Gl 752A,289.23024,5.1689
243,"J19216+208 ",GJ 1235,3059,51," dM4.5",5.17,0.07,5.038,0.038,-0.03,0.16,0.004542,7.2E-5,10.616,0.027,GAIA2,0.2399,0.0082,0.2396,0.0016,0.2291,0.012,0.195,0.0047,0.3107,0.054,0.2175,0.0022,Out,GJ 1235,290.41125,20.86757
244,"J19251+283 ",GJ 4109,3403,51," dM3.0",5.0,0.07,4.866,0.263,-0.02,0.16,0.01654,0.0088,16.75,0.014,GAIA2,0.3698,0.099,0.3999,0.0047,0.3662,0.1,0.3737,0.077,0.4991,0.28,0.4022,0.005,"   ",GJ 4109,291.28535,28.35383
245,"J19346+045 ",Gl 763,4062,51,sdM0.0,4.69,0.07,4.697,0.027,-0.17,0.16,0.07633,5.4E-4,14.428,0.0083,GAIA2,0.5576,0.014,0.6054,0.0042,0.5644,0.019,0.5838,0.015,0.5557,0.094,0.6056,0.0098,"   ",Gl 763,293.666,4.58251
246,"J19511+464 ",GJ 1243,3278,51," dM4.0",5.1,0.07,5.002,0.035,-0.11,0.16,0.007182,1.1E-4,11.979,0.0057,GAIA2,0.2626,0.0084,0.2881,0.0046,0.2531,0.013,0.2403,0.0057,0.3168,0.055,0.2758,0.0056,"   ",GJ 1243,297.78884,46.48339
247,"J20260+585 ",GJ 1253,3189,51," dM5.0",5.11,0.07,5.155,0.04,0.05,0.16,0.002902,5.3E-5,9.5859,0.0046,GAIA2,0.1764,0.0059,0.2058,0.0038,0.1621,0.01,0.1624,0.0041,0.1463,0.026,0.1775,0.0039,"   ",GJ 1253,306.52209,58.57297
248,"J20305+654 ",Gl 793,3471,51," dM2.5",4.96,0.07,4.847,0.033,-0.1,0.16,0.01964,5.0E-4,8.0808,0.0013,GAIA2,0.3874,0.012,0.409,0.004,0.3847,0.017,0.3796,0.0094,0.4995,0.087,0.4155,0.0045,"   ",Gl 793,307.63352,65.44956
249,"J20336+617 ",GJ 1254,3372,51," dM4.0",4.99,0.07,4.849,0.033,0.12,0.16,0.01732,2.8E-4,16.008,0.01,GAIA2,0.3855,0.012,0.415,0.0046,0.3827,0.016,0.3826,0.0092,0.53,0.092,0.416,0.0055,"   ",GJ 1254,308.418,61.75377
250,"J20405+154 ",GJ 1256,3234,51," dM4.5",5.1,0.07,5.109,0.037,0.02,0.16,0.00392,3.0E-5,9.5338,0.0082,GAIA2,0.1994,0.0063,0.2335,0.0037,0.1863,0.011,0.1905,0.0052,0.1827,0.032,0.2099,0.0043,"   ",GJ 1256,310.1411,15.49965
251,"J20450+444 ",Gl 806,3586,51," dM1.5",4.89,0.07,4.819,0.031,-0.15,0.16,0.02562,3.0E-4,12.048,0.0044,GAIA2,0.4145,0.012,0.435,0.0028,0.4134,0.016,0.4231,0.01,0.4867,0.083,0.4435,0.0036,"   ",Gl 806,311.26708,44.49907
252,"J20525-169 ",LP 816-060,3321,51," dM4.0",5.05,0.07,5.036,0.035,-0.02,0.16,0.00638,8.3E-5,5.6142,0.0025,GAIA2,0.2412,0.0076,0.2707,0.0023,0.2305,0.012,0.2319,0.0057,0.2382,0.041,0.2538,0.0035,"   ",LP 816-060,313.13757,-16.97472
253,"J20533+621 ",Gl 809A,3843,51," dM1.0",4.71,0.07,4.722,0.029,0.04,0.16,0.05409,8.9E-4,7.0408,0.0015,GAIA2,0.5244,0.015,0.5694,0.0067,0.5294,0.019,0.5442,0.014,0.5147,0.088,0.567,0.009,"   ",Gl 809,313.33245,62.15439
254,J20556-140S,Gl 810B,3177,51," dM5.0",5.13,0.07,5.178,0.04,-0.03,0.16,0.002517,2.9E-5,12.464,0.014,GAIA2,0.1655,0.0054,0.1924,0.0013,0.1506,0.0099,0.145,0.0036,0.1348,0.023,0.1641,0.0015,New,Gl 810B,313.90465,-14.06524
255,"J20567-104 ",Gl 811.1,3514,51," dM2.5",4.91,0.07,4.765,0.031,-0.03,0.16,0.03077,5.1E-4,16.098,0.018,GAIA2,0.4731,0.014,0.4871,0.0049,0.4751,0.019,0.4687,0.011,0.6639,0.11,0.4911,0.0054,"   ",Gl 811.1,314.19415,-10.44854
256,"J21019-063 ",Gl 816,3507,51," dM2.5",4.92,0.07,4.774,0.032,-0.08,0.16,0.02917,5.1E-4,14.463,0.025,GAIA2,0.4625,0.014,0.4804,0.0032,0.464,0.018,0.4621,0.011,0.6493,0.11,0.4849,0.004,"   ",Gl 816,315.49434,-6.31874
257,"J21152+257 ",GJ 4184,3675,51," dM3.0",4.68,0.07,4.725,0.034,0.29,0.16,0.0446,0.0016,26.731,0.036,GAIA2,0.5207,0.017,0.5719,0.0054,0.5254,0.022,0.5428,0.014,0.4736,0.082,0.5673,0.0075,"   ",GJ 4184,318.80248,25.79598
258,"J21164+025 ",LSPM J2116+0234,3485,51," dM3.0",4.94,0.07,4.803,0.031,-0.08,0.16,0.02466,3.2E-4,17.64,0.019,GAIA2,0.4306,0.013,0.4436,0.0053,0.4304,0.017,0.429,0.011,0.5894,0.1,0.4496,0.0057,"   ",LSPM J2116+0234,319.11368,2.58094
259,"J21221+229 ",TYC 2187-512-1,3705,51," dM1.0",4.83,0.07,4.746,0.03,-0.2,0.16,0.04161,6.6E-4,15.482,0.012,GAIA2,0.4948,0.014,0.5095,0.0044,0.4981,0.019,0.5023,0.013,0.6041,0.1,0.514,0.0057,"   ",TYC 2187-512-1,320.52617,22.93143
260,"J21348+515 ",GJ 4205,3497,51," dM3.0",4.91,0.07,4.789,0.032,0.0,0.16,0.02681,4.5E-4,17.615,0.012,GAIA2,0.4459,0.014,0.4733,0.0031,0.4465,0.018,0.4371,0.011,0.5898,0.1,0.478,0.0037,"   ",GJ 4205,323.70975,51.53711
261,"J21463+382 ",LSPM J2146+3813,3307,51," dM4.0",5.06,0.07,5.102,0.037,-0.03,0.16,0.004437,5.1E-5,7.0398,0.0025,GAIA2,0.2028,0.0064,0.228,0.0024,0.19,0.011,0.1809,0.0044,0.1723,0.03,0.207,0.0028,"   ",LSPM J2146+3813,326.59197,38.21805
262,"J21466-001 ",GJ 1263A,3352,51," dM4.0",5.03,0.07,4.971,0.034,0.02,0.16,0.009204,1.1E-4,12.381,0.017,GAIA2,0.2843,0.0088,0.3254,0.0033,0.276,0.013,0.2854,0.0074,0.3161,0.055,0.3163,0.0046,"   ",GJ 1263,326.66843,-0.17327
263,"J21466+668 ",G 264-012,3360,51," dM4.0",5.01,0.07,4.944,0.033,0.07,0.16,0.01066,1.0E-4,16.015,0.01,GAIA2,0.3046,0.0094,0.334,0.0035,0.2973,0.013,0.2939,0.0072,0.3465,0.06,0.3283,0.0043,"   ",G 264-012,326.66767,66.80296
264,"J22012+283 ",GJ 4247,3267,51," dM4.0",5.12,0.07,4.935,0.035,-0.19,0.16,0.009973,1.9E-4,9.1042,0.005,GAIA2,0.3116,0.01,0.3341,0.004,0.3048,0.014,0.2917,0.0073,0.4671,0.081,0.3268,0.0049,"   ",GJ 4247,330.30468,28.30692
265,"J22020-194 ",Gl 843,3422,51," dM3.5",4.99,0.07,4.911,0.09,-0.04,0.16,0.01352,0.0023,12.5,1.0," Yale",0.3307,0.03,,,0.3249,0.033,0.332,0.027,0.39,0.095,,,"   ",Gl 843,330.50318,-19.48309
266,"J22021+014 ",Gl 846,3915,51," dM0.5",4.69,0.07,4.709,0.032,0.03,0.16,0.06214,0.002,10.555,0.016,GAIA2,0.5416,0.017,0.5719,0.0049,0.5475,0.021,0.5711,0.014,0.5243,0.09,0.5711,0.0083,"   ",Gl 846,330.54281,1.40023
267,"J22057+656 ",GJ 4258,3653,51," dM1.5",4.86,0.07,4.759,0.032,-0.17,0.16,0.03696,9.1E-4,23.491,0.017,GAIA2,0.4798,0.015,0.4864,0.0044,0.4822,0.019,0.4834,0.012,0.6086,0.1,0.4929,0.0053,"   ",GJ 4258,331.43902,65.64875
268,"J22096-046 ",Gl 849,3467,51," dM3.5",4.94,0.07,4.771,0.032,-0.02,0.16,0.02833,4.5E-4,8.8028,0.0039,GAIA2,0.4663,0.014,0.4833,0.0043,0.468,0.019,0.4653,0.011,0.6911,0.12,0.487,0.0048,"   ",Gl 849,332.4181,-4.64074
269,"J22114+409 ",1RXS J221124.3+410000,3125,51," dM5.5",5.15,0.07,5.159,0.04,-0.01,0.16,0.002603,2.4E-5,12.669,0.013,GAIA2,0.174,0.0057,0.2081,0.0014,0.1595,0.01,0.1559,0.0037,0.1561,0.027,0.1761,0.0016,"   ",1RXS J221124.3+410000,332.85069,40.99964
270,"J22115+184 ",Gl 851,3550,51," dM2.0",4.93,0.07,4.696,0.032,-0.13,0.16,0.04466,0.001,11.725,0.0055,GAIA2,0.5585,0.017,0.5431,0.0071,0.5653,0.022,0.5292,0.013,0.9689,0.17,0.5419,0.0078,"   ",Gl 851,332.87539,18.42619
271,"J22125+085 ",GJ 9773,3501,51," dM3.0",4.92,0.07,4.859,0.032,-0.04,0.16,0.0191,3.5E-4,15.929,0.025,GAIA2,0.3755,0.011,0.3949,0.0045,0.3722,0.016,0.3691,0.0094,0.428,0.074,0.402,0.0055,"   ",GJ 9773,333.14977,8.55322
272,"J22137-176 ",GJ 1265,3236,51," dM4.5",5.09,0.07,5.123,0.038,0.01,0.16,0.003636,4.5E-5,10.255,0.0074,GAIA2,0.1918,0.0062,0.2195,0.0037,0.1783,0.011,0.1724,0.0042,0.1652,0.029,0.1941,0.0039,"   ",GJ 1265,333.42859,-17.68574
273,"J22231-176 ",GJ 4274,3202,51," dM4.5",5.13,0.07,5.127,0.039,-0.07,0.16,0.003426,5.5E-5,7.2369,0.013,GAIA2,0.1901,0.0062,0.2223,0.0029,0.1766,0.011,0.1757,0.0043,0.1779,0.031,0.1946,0.0029,"   ",GJ 4274,335.77915,-17.60731
274,"J22252+594 ",GJ 4276,3387,51," dM4.0",4.97,0.07,4.826,0.032,0.12,0.16,0.01966,2.7E-4,21.349,0.018,GAIA2,0.4071,0.013,0.4432,0.0051,0.4055,0.017,0.4045,0.0099,0.5645,0.097,0.4453,0.0054,"   ",GJ 4276,336.32111,59.41384
275,"J22298+414 ",GJ 1270,3317,51," dM4.0",5.03,0.07,5.003,0.034,0.1,0.16,0.007516,7.4E-5,14.029,0.024,GAIA2,0.2624,0.0082,0.2994,0.0032,0.2529,0.012,0.2493,0.0061,0.2693,0.047,0.2885,0.0065,"   ",GJ 1270,337.45411,41.48016
276,"J22330+093 ",Gl 863,3669,51," dM1.0",4.86,0.07,4.775,0.031,-0.2,0.16,0.03475,7.6E-4,12.982,0.01,GAIA2,0.4611,0.014,0.4752,0.0043,0.4626,0.018,0.4789,0.012,0.5621,0.097,0.4826,0.005,"   ",Gl 863,338.25928,9.37798
277,"J22468+443 ",Gl 873,3291,51," dM3.5",5.11,0.07,4.894,0.033,-0.19,0.16,0.01254,1.6E-4,5.0502,0.001,GAIA2,0.3444,0.011,0.3689,0.0046,0.3394,0.015,0.3201,0.0082,0.5576,0.097,0.365,0.0052,"   ",Gl 873,341.70721,44.33399
278,"J22503-070 ",Gl 875,3904,51," dM0.5",4.72,0.07,4.715,0.029,-0.1,0.16,0.05976,0.001,14.501,0.011,GAIA2,0.5341,0.015,0.5584,0.0052,0.5396,0.02,0.5573,0.014,0.5464,0.093,0.5586,0.0085,"   ",Gl 875,342.58093,-7.09011
279,"J22518+317 ",Gl 875.1,3404,51," dM3.0",5.02,0.07,4.772,0.032,-0.12,0.16,0.0261,4.2E-4,15.056,0.016,GAIA2,0.4643,0.014,0.4814,0.0043,0.4659,0.019,0.4466,0.011,0.8238,0.14,0.485,0.0048,"   ",Gl 875.1,342.97306,31.75422
280,"J22532-142 ",Gl 876,3377,51," dM4.0",4.99,0.07,4.908,0.033,0.07,0.16,0.01298,2.1E-4,4.6757,0.0017,GAIA2,0.3327,0.01,0.3767,0.0041,0.327,0.015,0.338,0.0083,0.3948,0.068,0.3708,0.004,"   ",Gl 876,343.31972,-14.2637
281,"J22559+178 ",GJ 4306,3834,51," dM1.0",4.7,0.07,4.717,0.028,0.06,0.16,0.05503,6.7E-4,16.943,0.017,GAIA2,0.5315,0.015,0.5645,0.0053,0.5368,0.019,0.5559,0.014,0.5167,0.088,0.5628,0.0081,"   ",GJ 4306,343.99936,17.81106
282,"J22565+165 ",Gl 880,3805,51," dM1.5",4.69,0.07,4.72,0.029,0.12,0.16,0.05246,9.6E-4,6.8677,0.0019,GAIA2,0.5268,0.015,0.5847,0.004,0.5319,0.02,0.5504,0.014,0.496,0.085,0.5809,0.0076,"   ",Gl 880,344.14502,16.55343
283,"J23216+172 ",GJ 4333,3364,51," dM4.0",5.0,0.07,4.849,0.033,0.1,0.16,0.01716,3.0E-4,10.565,0.01,GAIA2,0.3855,0.012,0.4185,0.0053,0.3827,0.016,0.3807,0.009,0.5423,0.094,0.4185,0.0056,"   ",GJ 4333,350.40603,17.29039
284,"J23245+578 ",Gl 895,3842,51," dM1.0",4.68,0.07,4.721,0.029,0.14,0.16,0.0544,0.001,13.233,0.0053,GAIA2,0.5262,0.015,0.5778,0.0067,0.5312,0.02,0.5621,0.014,0.4836,0.083,0.5743,0.0089,"   ",Gl 895,351.12714,57.85431
285,"J23340+001 ",Gl 899,3559,51," dM2.5",4.86,0.07,4.811,0.031,0.0,0.16,0.02588,4.1E-4,14.011,0.0098,GAIA2,0.4229,0.013,0.4347,0.0045,0.4222,0.017,0.4283,0.01,0.4728,0.081,0.4435,0.0051,"   ",Gl 899,353.51389,0.17941
286,"J23351-023 ",GJ 1286,3052,51," dM5.5",5.19,0.07,5.252,0.045,-0.09,0.16,0.001418,1.6E-5,7.1782,0.0057,GAIA2,0.1346,0.0046,0.1546,8.3E-4,0.118,0.0093,0.1196,0.0029,0.1024,0.018,0.1254,7.9E-4,"   ",GJ 1286,353.79359,-2.38906
287,"J23381-162 ",GJ 4352,3551,51," dM2.0",4.91,0.07,4.858,0.032,-0.13,0.16,0.02035,3.7E-4,13.148,0.012,GAIA2,0.3768,0.011,0.3901,0.0029,0.3735,0.016,0.3776,0.0092,0.4212,0.072,0.3995,0.0037,"   ",GJ 4352,354.53399,-16.23617
288,"J23419+441 ",Gl 905,3142,51," dM5.0",5.13,0.07,5.195,0.042,0.02,0.16,0.002197,3.4E-5,3.155,0.0013,GAIA2,0.1581,0.0053,0.1905,0.0015,0.1428,0.0098,0.1452,0.0036,0.1231,0.021,0.1585,0.0015,"   ",Gl 905,355.47932,44.17745
289,"J23431+365 ",GJ 1289,3256,51," dM4.0",5.09,0.07,5.048,0.036,-0.04,0.16,0.005538,7.9E-5,8.3535,0.0084,GAIA2,0.2338,0.0075,,,0.2226,0.012,0.2139,0.0053,0.2454,0.043,,,"   ",GJ 1289,355.7763,36.53698
290,"J23492+024 ",Gl 908,3653,51," dM1.0",4.84,0.07,4.836,0.031,-0.13,0.16,0.0254,4.3E-4,5.9046,0.0021,GAIA2,0.3977,0.012,,,0.3957,0.016,0.4135,0.01,0.3993,0.068,,,"   ",Gl 908,357.30219,2.40122
291,"J23505-095 ",GJ 4367,3347,51," dM4.0",5.02,0.07,4.943,0.034,0.05,0.16,0.01055,2.0E-4,16.958,0.035,GAIA2,0.3053,0.0098,,,0.2981,0.014,0.3034,0.0077,0.3562,0.062,,,"   ",GJ 4367,357.63184,-9.55907
292,"J23556-061 ",Gl 912,3694,51," dM2.5",4.71,0.07,4.729,0.03,0.18,0.16,0.04459,8.1E-4,17.813,0.032,GAIA2,0.5153,0.015,0.5521,0.0033,0.5198,0.02,0.5312,0.013,0.497,0.085,0.5488,0.0052,"   ",Gl 912,358.91576,-6.1426
293,"J23585+076 ",GJ 4383,3471,51," dM3.0",4.94,0.07,4.782,0.033,-0.03,0.16,0.02697,7.3E-4,16.434,0.068,GAIA2,0.4539,0.015,,,0.455,0.019,0.4466,0.011,0.6549,0.11,,,"   ",GJ 4383,359.63607,7.65837
